-- MySQL dump 10.16  Distrib 10.1.21-MariaDB, for Linux (x86_64)
--
-- Host: localhost    Database: localhost
-- ------------------------------------------------------
-- Server version	10.1.21-MariaDB

/*!40101 SET @OLD_CHARACTER_SET_CLIENT=@@CHARACTER_SET_CLIENT */;
/*!40101 SET @OLD_CHARACTER_SET_RESULTS=@@CHARACTER_SET_RESULTS */;
/*!40101 SET @OLD_COLLATION_CONNECTION=@@COLLATION_CONNECTION */;
/*!40101 SET NAMES utf8 */;
/*!40103 SET @OLD_TIME_ZONE=@@TIME_ZONE */;
/*!40103 SET TIME_ZONE='+00:00' */;
/*!40014 SET @OLD_UNIQUE_CHECKS=@@UNIQUE_CHECKS, UNIQUE_CHECKS=0 */;
/*!40014 SET @OLD_FOREIGN_KEY_CHECKS=@@FOREIGN_KEY_CHECKS, FOREIGN_KEY_CHECKS=0 */;
/*!40101 SET @OLD_SQL_MODE=@@SQL_MODE, SQL_MODE='NO_AUTO_VALUE_ON_ZERO' */;
/*!40111 SET @OLD_SQL_NOTES=@@SQL_NOTES, SQL_NOTES=0 */;

--
-- Table structure for table `ANSWERS`
--

DROP TABLE IF EXISTS `ANSWERS`;
/*!40101 SET @saved_cs_client     = @@character_set_client */;
/*!40101 SET character_set_client = utf8 */;
CREATE TABLE `ANSWERS` (
  `TYPE` varchar(15) NOT NULL,
  `ID` bigint(20) NOT NULL AUTO_INCREMENT,
  `CREATED_AT` datetime NOT NULL,
  `CREATED_BY` varchar(50) NOT NULL,
  `LIFE_CYCLE_STATUS` varchar(100) NOT NULL,
  `UPDATED_AT` datetime DEFAULT NULL,
  `UPDATED_BY` varchar(50) DEFAULT NULL,
  `UUID` varchar(50) NOT NULL,
  `BOOLEAN_VALUE` bit(1) DEFAULT NULL,
  `TEXT_VALUE` varchar(180) DEFAULT NULL,
  `FORM_ID` bigint(20) NOT NULL,
  `MENTORSHIP_ID` bigint(20) NOT NULL,
  `QUESTION_ID` bigint(20) NOT NULL,
  PRIMARY KEY (`ID`),
  KEY `FK_8n7n313s9gw943qs6rhr7tb9c` (`FORM_ID`),
  KEY `FK_roww60bo2ki27wdeus9fc4kt` (`MENTORSHIP_ID`),
  KEY `FK_d9vax6lqppjc9upau668njk19` (`QUESTION_ID`),
  CONSTRAINT `FK_8n7n313s9gw943qs6rhr7tb9c` FOREIGN KEY (`FORM_ID`) REFERENCES `FORMS` (`ID`),
  CONSTRAINT `FK_d9vax6lqppjc9upau668njk19` FOREIGN KEY (`QUESTION_ID`) REFERENCES `QUESTIONS` (`ID`),
  CONSTRAINT `FK_roww60bo2ki27wdeus9fc4kt` FOREIGN KEY (`MENTORSHIP_ID`) REFERENCES `MENTORSHIPS` (`ID`)
) ENGINE=InnoDB AUTO_INCREMENT=348 DEFAULT CHARSET=utf8;
/*!40101 SET character_set_client = @saved_cs_client */;

--
-- Dumping data for table `ANSWERS`
--

LOCK TABLES `ANSWERS` WRITE;
/*!40000 ALTER TABLE `ANSWERS` DISABLE KEYS */;
INSERT INTO `ANSWERS` VALUES ('TEXT',1,'2017-06-04 19:03:51','08cc21901f18424ebb4a232f8963fc1b','ACTIVE',NULL,NULL,'3aebda90bd8245c4a4e740eb9dcc6bb0',NULL,'COMPETENTE',3,1,56),('TEXT',2,'2017-06-04 19:03:51','08cc21901f18424ebb4a232f8963fc1b','ACTIVE',NULL,NULL,'8e46710cb64645789fa109a2eab5ae0b',NULL,'COMPETENTE',3,1,57),('TEXT',3,'2017-06-04 19:03:51','08cc21901f18424ebb4a232f8963fc1b','ACTIVE',NULL,NULL,'5be641976ce9481c877339109a7b47cc',NULL,'COMPETENTE',3,1,58),('TEXT',4,'2017-06-04 19:03:51','08cc21901f18424ebb4a232f8963fc1b','ACTIVE',NULL,NULL,'55e3169add274e2bac0cb618e6aaba35',NULL,'COMPETENTE',3,1,59),('TEXT',5,'2017-06-04 19:03:51','08cc21901f18424ebb4a232f8963fc1b','ACTIVE',NULL,NULL,'6aefcd8887414fbda2ac783e0c60f06c',NULL,'COMPETENTE',3,1,60),('TEXT',6,'2017-06-04 19:03:51','08cc21901f18424ebb4a232f8963fc1b','ACTIVE',NULL,NULL,'854c4a81a3cb4ee5b960a76b02b9a109',NULL,'COMPETENTE',3,1,61),('TEXT',7,'2017-06-04 19:03:51','08cc21901f18424ebb4a232f8963fc1b','ACTIVE',NULL,NULL,'22c7a077fb5942c79cba70ba9f88b45d',NULL,'COMPETENTE',3,1,62),('TEXT',8,'2017-06-04 19:03:51','08cc21901f18424ebb4a232f8963fc1b','ACTIVE',NULL,NULL,'10fde674ff17451bb0c54b98f81c665d',NULL,'COMPETENTE',3,1,63),('TEXT',9,'2017-06-04 19:03:51','08cc21901f18424ebb4a232f8963fc1b','ACTIVE',NULL,NULL,'eb49bd05252d474eb55aaa08e32e2d40',NULL,'COMPETENTE',3,1,64),('TEXT',10,'2017-06-04 19:03:51','08cc21901f18424ebb4a232f8963fc1b','ACTIVE',NULL,NULL,'30361b8169bb499c8cac0bf92c0c8e7b',NULL,'COMPETENTE',3,1,65),('TEXT',11,'2017-06-04 19:03:51','08cc21901f18424ebb4a232f8963fc1b','ACTIVE',NULL,NULL,'4c29cd781dda4dc3b9b21e69b30b4dda',NULL,'COMPETENTE',3,1,66),('TEXT',12,'2017-06-04 19:03:51','08cc21901f18424ebb4a232f8963fc1b','ACTIVE',NULL,NULL,'d20af2ddc7664f6988526e09969b6de4',NULL,'COMPETENTE',3,1,67),('TEXT',13,'2017-06-04 19:03:51','08cc21901f18424ebb4a232f8963fc1b','ACTIVE',NULL,NULL,'54132f84a8df467f9559bcd3f3b4f645',NULL,'COMPETENTE',3,1,69),('TEXT',14,'2017-06-04 19:03:51','08cc21901f18424ebb4a232f8963fc1b','ACTIVE',NULL,NULL,'7cba195e55974ffb98869f1693951422',NULL,'COMPETENTE',3,1,70),('TEXT',15,'2017-06-04 19:03:51','08cc21901f18424ebb4a232f8963fc1b','ACTIVE',NULL,NULL,'b9827fdcf59d4d6eb29d43b25bc107b5',NULL,'COMPETENTE',3,1,71),('TEXT',16,'2017-06-04 19:03:51','08cc21901f18424ebb4a232f8963fc1b','ACTIVE',NULL,NULL,'32cb0411f2fb46b49aa77f12d33c2499',NULL,'COMPETENTE',3,1,72),('TEXT',17,'2017-06-04 19:03:51','08cc21901f18424ebb4a232f8963fc1b','ACTIVE',NULL,NULL,'2b353b88dae943f986fef147bea89619',NULL,'COMPETENTE',3,1,73),('TEXT',18,'2017-06-04 19:03:51','08cc21901f18424ebb4a232f8963fc1b','ACTIVE',NULL,NULL,'e9628fe3f6d342339868bea2fe307077',NULL,'COMPETENTE',3,1,74),('TEXT',19,'2017-06-04 19:03:51','08cc21901f18424ebb4a232f8963fc1b','ACTIVE',NULL,NULL,'88534e7655c54d41ab518f9023fdbcc1',NULL,'COMPETENTE',3,1,75),('TEXT',20,'2017-06-04 19:03:51','08cc21901f18424ebb4a232f8963fc1b','ACTIVE',NULL,NULL,'c2b4e684402c4f36994ff359bc0f743c',NULL,'COMPETENTE',3,1,76),('TEXT',21,'2017-06-04 19:03:51','08cc21901f18424ebb4a232f8963fc1b','ACTIVE',NULL,NULL,'fa96359d7a3642bfa12388dc1322e0ff',NULL,'COMPETENTE',3,1,77),('TEXT',22,'2017-06-04 19:03:51','08cc21901f18424ebb4a232f8963fc1b','ACTIVE',NULL,NULL,'7f87b95de611446b947d30f52c3bfe0d',NULL,'COMPETENTE',3,1,78),('TEXT',23,'2017-06-04 19:03:51','08cc21901f18424ebb4a232f8963fc1b','ACTIVE',NULL,NULL,'1a930faaef09416293b475bee99853c9',NULL,'COMPETENTE',3,1,79),('TEXT',24,'2017-06-04 19:03:51','08cc21901f18424ebb4a232f8963fc1b','ACTIVE',NULL,NULL,'d61a68b7c7c24a9ab27d70ca98b70140',NULL,'COMPETENTE',3,1,80),('TEXT',25,'2017-06-04 19:03:51','08cc21901f18424ebb4a232f8963fc1b','ACTIVE',NULL,NULL,'0b49978f670040649bcf464968940388',NULL,'COMPETENTE',3,1,81),('TEXT',26,'2017-06-04 19:03:51','08cc21901f18424ebb4a232f8963fc1b','ACTIVE',NULL,NULL,'8192b0c7ce8649f4856a62cac9248ab5',NULL,'COMPETENTE',3,1,82),('TEXT',27,'2017-06-04 19:03:51','08cc21901f18424ebb4a232f8963fc1b','ACTIVE',NULL,NULL,'063656a68bd24c758689c7dc8ad2fc58',NULL,'COMPETENTE',3,1,83),('TEXT',28,'2017-06-04 19:03:51','08cc21901f18424ebb4a232f8963fc1b','ACTIVE',NULL,NULL,'25bb561c2c894dfeb559f4d4c098b2dd',NULL,'COMPETENTE',3,1,84),('TEXT',29,'2017-06-04 19:03:51','08cc21901f18424ebb4a232f8963fc1b','ACTIVE',NULL,NULL,'d98a1f5c566f42a195378fc0ae4bd782',NULL,'COMPETENTE',3,1,85),('TEXT',30,'2017-06-04 19:03:51','08cc21901f18424ebb4a232f8963fc1b','ACTIVE',NULL,NULL,'df4237442166419084b734f73e9e4941',NULL,'COMPETENTE',3,1,86),('TEXT',31,'2017-06-04 19:03:51','08cc21901f18424ebb4a232f8963fc1b','ACTIVE',NULL,NULL,'6e8f87682b4043eabfda2cdcbf7f66ad',NULL,'COMPETENTE',3,1,87),('TEXT',32,'2017-06-04 19:03:51','08cc21901f18424ebb4a232f8963fc1b','ACTIVE',NULL,NULL,'d5f071dcd0844af5bcbb6e7c01927a3c',NULL,'COMPETENTE',3,1,88),('TEXT',33,'2017-06-04 19:37:10','08cc21901f18424ebb4a232f8963fc1b','ACTIVE',NULL,NULL,'1d70e758d14b4c1da1be5aa11fb47993',NULL,'COMPETENTE',2,2,27),('TEXT',34,'2017-06-04 19:37:10','08cc21901f18424ebb4a232f8963fc1b','ACTIVE',NULL,NULL,'7b49d0ab9bc34de0959b3fd2f4b535f8',NULL,'COMPETENTE',2,2,28),('TEXT',35,'2017-06-04 19:37:10','08cc21901f18424ebb4a232f8963fc1b','ACTIVE',NULL,NULL,'db1d65477b644b8a89d2a83ad29b4cfb',NULL,'COMPETENTE',2,2,29),('TEXT',36,'2017-06-04 19:37:10','08cc21901f18424ebb4a232f8963fc1b','ACTIVE',NULL,NULL,'973435ef3579451e8f983b4e70e39832',NULL,'COMPETENTE',2,2,30),('TEXT',37,'2017-06-04 19:37:10','08cc21901f18424ebb4a232f8963fc1b','ACTIVE',NULL,NULL,'3f3061af9cb744a093ebfd3362b5f7c8',NULL,'COMPETENTE',2,2,31),('TEXT',38,'2017-06-04 19:37:10','08cc21901f18424ebb4a232f8963fc1b','ACTIVE',NULL,NULL,'7eaa18ea563b43079b77bea7a6aaaad2',NULL,'COMPETENTE',2,2,32),('TEXT',39,'2017-06-04 19:37:10','08cc21901f18424ebb4a232f8963fc1b','ACTIVE',NULL,NULL,'e18a62773a9c4140b2ba5130ead03c2e',NULL,'COMPETENTE',2,2,33),('TEXT',40,'2017-06-04 19:37:10','08cc21901f18424ebb4a232f8963fc1b','ACTIVE',NULL,NULL,'471ae75e036d4e39aa6aba19e425b15f',NULL,'COMPETENTE',2,2,34),('TEXT',41,'2017-06-04 19:37:10','08cc21901f18424ebb4a232f8963fc1b','ACTIVE',NULL,NULL,'a003e799b805417491834dd44de9355a',NULL,'COMPETENTE',2,2,35),('TEXT',42,'2017-06-04 19:37:10','08cc21901f18424ebb4a232f8963fc1b','ACTIVE',NULL,NULL,'f8fc13351b064e1bb648187061668d2c',NULL,'COMPETENTE',2,2,36),('TEXT',43,'2017-06-04 19:37:10','08cc21901f18424ebb4a232f8963fc1b','ACTIVE',NULL,NULL,'c62b991b8b664d06b935fbeff9f7a450',NULL,'COMPETENTE',2,2,37),('TEXT',44,'2017-06-04 19:37:10','08cc21901f18424ebb4a232f8963fc1b','ACTIVE',NULL,NULL,'43aa68bd075345e88053c4ad73323970',NULL,'COMPETENTE',2,2,38),('TEXT',45,'2017-06-04 19:37:10','08cc21901f18424ebb4a232f8963fc1b','ACTIVE',NULL,NULL,'134e19a3931448d9be5afbe2cb607a6e',NULL,'COMPETENTE',2,2,39),('TEXT',46,'2017-06-04 19:37:10','08cc21901f18424ebb4a232f8963fc1b','ACTIVE',NULL,NULL,'25483ebd16dc400787f744d7ba120e07',NULL,'COMPETENTE',2,2,40),('TEXT',47,'2017-06-04 19:37:10','08cc21901f18424ebb4a232f8963fc1b','ACTIVE',NULL,NULL,'28a107b7d84148809c34004d1c8166e8',NULL,'COMPETENTE',2,2,41),('TEXT',48,'2017-06-04 19:37:10','08cc21901f18424ebb4a232f8963fc1b','ACTIVE',NULL,NULL,'e6f6b39b75914f20b0e3f8f63279f27e',NULL,'COMPETENTE',2,2,42),('TEXT',49,'2017-06-04 19:37:10','08cc21901f18424ebb4a232f8963fc1b','ACTIVE',NULL,NULL,'b1b700e377d34902995bea8f9ff74209',NULL,'COMPETENTE',2,2,43),('TEXT',50,'2017-06-04 19:37:10','08cc21901f18424ebb4a232f8963fc1b','ACTIVE',NULL,NULL,'7ae6571f07064c21a0f2dbae3b7fb1c4',NULL,'COMPETENTE',2,2,44),('TEXT',51,'2017-06-04 19:37:10','08cc21901f18424ebb4a232f8963fc1b','ACTIVE',NULL,NULL,'f993d4fa68834ce7ab42382ca287b258',NULL,'COMPETENTE',2,2,45),('TEXT',52,'2017-06-04 19:37:10','08cc21901f18424ebb4a232f8963fc1b','ACTIVE',NULL,NULL,'b64e5a84567447dcb593f955d2ccb4c8',NULL,'COMPETENTE',2,2,46),('TEXT',53,'2017-06-04 19:37:10','08cc21901f18424ebb4a232f8963fc1b','ACTIVE',NULL,NULL,'bcef7d1570194ecea814fdf6294f173b',NULL,'COMPETENTE',2,2,47),('TEXT',54,'2017-06-04 19:37:10','08cc21901f18424ebb4a232f8963fc1b','ACTIVE',NULL,NULL,'a24ee23ad95f4601aabb9b5df8028400',NULL,'COMPETENTE',2,2,48),('TEXT',55,'2017-06-04 19:37:10','08cc21901f18424ebb4a232f8963fc1b','ACTIVE',NULL,NULL,'3e1be43d10004644962ce7f8a918b385',NULL,'COMPETENTE',2,2,49),('TEXT',56,'2017-06-04 19:37:10','08cc21901f18424ebb4a232f8963fc1b','ACTIVE',NULL,NULL,'0390df02d0a646fb93cf9c34cf7280b9',NULL,'COMPETENTE',2,2,50),('TEXT',57,'2017-06-04 19:37:10','08cc21901f18424ebb4a232f8963fc1b','ACTIVE',NULL,NULL,'3a59be98622f4201be4bbfeb9f82718c',NULL,'COMPETENTE',2,2,51),('TEXT',58,'2017-06-04 19:37:10','08cc21901f18424ebb4a232f8963fc1b','ACTIVE',NULL,NULL,'75623d410c064c74b055b14035a2c896',NULL,'COMPETENTE',2,2,52),('TEXT',59,'2017-06-04 19:37:10','08cc21901f18424ebb4a232f8963fc1b','ACTIVE',NULL,NULL,'42d6903afd1d4ef2acfa075886d24074',NULL,'COMPETENTE',2,2,53),('TEXT',60,'2017-06-04 19:37:10','08cc21901f18424ebb4a232f8963fc1b','ACTIVE',NULL,NULL,'632e414f1d3c4281a7b7d89b9440ecf9',NULL,'COMPETENTE',2,2,54),('TEXT',61,'2017-06-04 19:37:10','08cc21901f18424ebb4a232f8963fc1b','ACTIVE',NULL,NULL,'f6d6ef1e2da4428699375e8142dbf0ad',NULL,'COMPETENTE',2,2,55),('TEXT',62,'2017-06-08 16:19:42','08cc21901f18424ebb4a232f8963fc1b','ACTIVE',NULL,NULL,'38faeb27e6344ef3aa07b9e7ef1af335',NULL,'NAO SATISFATORIO',1,3,1),('TEXT',63,'2017-06-08 16:19:42','08cc21901f18424ebb4a232f8963fc1b','ACTIVE',NULL,NULL,'34179e9ddd7040f3b3bfb6509c644efb',NULL,'NAO SATISFATORIO',1,3,2),('TEXT',64,'2017-06-08 16:19:42','08cc21901f18424ebb4a232f8963fc1b','ACTIVE',NULL,NULL,'b7ae52b7c9514dc49e567ee44e70f8c0',NULL,'COMPETENTE',1,3,3),('TEXT',65,'2017-06-08 16:19:42','08cc21901f18424ebb4a232f8963fc1b','ACTIVE',NULL,NULL,'34f8a462407347e6869b465721fddbc0',NULL,'COMPETENTE',1,3,4),('TEXT',66,'2017-06-08 16:19:42','08cc21901f18424ebb4a232f8963fc1b','ACTIVE',NULL,NULL,'83c199fbb05f4127b5f5d679e4e291aa',NULL,'COMPETENTE',1,3,5),('TEXT',67,'2017-06-08 16:19:42','08cc21901f18424ebb4a232f8963fc1b','ACTIVE',NULL,NULL,'7e50fc44397e446e97a3c630c17ed1c5',NULL,'COMPETENTE',1,3,6),('TEXT',68,'2017-06-08 16:19:42','08cc21901f18424ebb4a232f8963fc1b','ACTIVE',NULL,NULL,'33dba1b2d01149e9bca3acc111ef015c',NULL,'COMPETENTE',1,3,7),('TEXT',69,'2017-06-08 16:19:42','08cc21901f18424ebb4a232f8963fc1b','ACTIVE',NULL,NULL,'abb44911e3e24672ba8e4025992e3d86',NULL,'COMPETENTE',1,3,8),('TEXT',70,'2017-06-08 16:19:42','08cc21901f18424ebb4a232f8963fc1b','ACTIVE',NULL,NULL,'849c2ae0387e4b5c983e0e8ab8790a43',NULL,'COMPETENTE',1,3,9),('TEXT',71,'2017-06-08 16:19:42','08cc21901f18424ebb4a232f8963fc1b','ACTIVE',NULL,NULL,'9e4d642c88f5402db9c756b11193791f',NULL,'COMPETENTE',1,3,10),('TEXT',72,'2017-06-08 16:19:42','08cc21901f18424ebb4a232f8963fc1b','ACTIVE',NULL,NULL,'47b1c5e2c96f4c49ae9fb8819f849c65',NULL,'COMPETENTE',1,3,11),('TEXT',73,'2017-06-08 16:19:42','08cc21901f18424ebb4a232f8963fc1b','ACTIVE',NULL,NULL,'81de88fa5c88485da46c137ad9c0932f',NULL,'COMPETENTE',1,3,12),('TEXT',74,'2017-06-08 16:19:42','08cc21901f18424ebb4a232f8963fc1b','ACTIVE',NULL,NULL,'dcff7447ca3a48bba4907b7c67ba662b',NULL,'COMPETENTE',1,3,13),('TEXT',75,'2017-06-08 16:19:42','08cc21901f18424ebb4a232f8963fc1b','ACTIVE',NULL,NULL,'db22f039b5a24206bf991fe9ff9fb44a',NULL,'COMPETENTE',1,3,14),('TEXT',76,'2017-06-08 16:19:42','08cc21901f18424ebb4a232f8963fc1b','ACTIVE',NULL,NULL,'ab4741babf6a4b0fa246e536444f906e',NULL,'COMPETENTE',1,3,15),('TEXT',77,'2017-06-08 16:19:42','08cc21901f18424ebb4a232f8963fc1b','ACTIVE',NULL,NULL,'f722ec2b4bbc4bdd9f77e3eb5ddfe149',NULL,'COMPETENTE',1,3,16),('TEXT',78,'2017-06-08 16:19:42','08cc21901f18424ebb4a232f8963fc1b','ACTIVE',NULL,NULL,'603cd9c9485b4641b5a76900d1ab22d6',NULL,'COMPETENTE',1,3,17),('TEXT',79,'2017-06-08 16:19:42','08cc21901f18424ebb4a232f8963fc1b','ACTIVE',NULL,NULL,'3f283f30d84a44d0b10df82023121d37',NULL,'COMPETENTE',1,3,18),('TEXT',80,'2017-06-08 16:19:42','08cc21901f18424ebb4a232f8963fc1b','ACTIVE',NULL,NULL,'c326b69693d742f49e9683dd74ca5524',NULL,'COMPETENTE',1,3,19),('TEXT',81,'2017-06-08 16:19:42','08cc21901f18424ebb4a232f8963fc1b','ACTIVE',NULL,NULL,'976837ef24ff48f1bccf1afeec2cc250',NULL,'COMPETENTE',1,3,20),('TEXT',82,'2017-06-08 16:19:42','08cc21901f18424ebb4a232f8963fc1b','ACTIVE',NULL,NULL,'7391124618c04a0383a330cce5cf9d90',NULL,'COMPETENTE',1,3,21),('TEXT',83,'2017-06-08 16:19:42','08cc21901f18424ebb4a232f8963fc1b','ACTIVE',NULL,NULL,'6debc965038d4075b9e06ff0b6f26bcc',NULL,'COMPETENTE',1,3,22),('TEXT',84,'2017-06-08 16:19:42','08cc21901f18424ebb4a232f8963fc1b','ACTIVE',NULL,NULL,'a3140996adf54b498b90285f04b16e6a',NULL,'COMPETENTE',1,3,23),('TEXT',85,'2017-06-08 16:19:42','08cc21901f18424ebb4a232f8963fc1b','ACTIVE',NULL,NULL,'e1fb2dace041415a8dd19b3dca421a8f',NULL,'COMPETENTE',1,3,24),('TEXT',86,'2017-06-08 16:19:42','08cc21901f18424ebb4a232f8963fc1b','ACTIVE',NULL,NULL,'b3e90899a8d74925acb021a65442681e',NULL,'COMPETENTE',1,3,25),('TEXT',87,'2017-06-08 16:19:42','08cc21901f18424ebb4a232f8963fc1b','ACTIVE',NULL,NULL,'e9ae891104b547ccb4c4e8bbe3c1f57b',NULL,'COMPETENTE',1,3,26),('TEXT',88,'2017-06-09 10:05:32','0807983dd3b34f109fb75756862d4a72','ACTIVE',NULL,NULL,'15b70e43cd0e498dbe66a36d0a33e024',NULL,'NAO SATISFATORIO',1,4,1),('TEXT',89,'2017-06-09 10:05:32','0807983dd3b34f109fb75756862d4a72','ACTIVE',NULL,NULL,'56a324e2ddc341849c4c0043b3718d0c',NULL,'NAO SATISFATORIO',1,4,2),('TEXT',90,'2017-06-09 10:05:32','0807983dd3b34f109fb75756862d4a72','ACTIVE',NULL,NULL,'2dba71499a8c4fc49b15c87d3ca3b8bb',NULL,'COMPETENTE',1,4,3),('TEXT',91,'2017-06-09 10:05:32','0807983dd3b34f109fb75756862d4a72','ACTIVE',NULL,NULL,'d13e8e95093f42698d6cd00efceab8b1',NULL,'NAO SATISFATORIO',1,4,4),('TEXT',92,'2017-06-09 10:05:32','0807983dd3b34f109fb75756862d4a72','ACTIVE',NULL,NULL,'6fbed1ba710346989230564e1ace6195',NULL,'COMPETENTE',1,4,5),('TEXT',93,'2017-06-09 10:05:32','0807983dd3b34f109fb75756862d4a72','ACTIVE',NULL,NULL,'76623c51ff364d4d9c75aea5c64b6f80',NULL,'COMPETENTE',1,4,6),('TEXT',94,'2017-06-09 10:05:32','0807983dd3b34f109fb75756862d4a72','ACTIVE',NULL,NULL,'503c0abcf6f74b0b846e156f3e65ae11',NULL,'COMPETENTE',1,4,7),('TEXT',95,'2017-06-09 10:05:32','0807983dd3b34f109fb75756862d4a72','ACTIVE',NULL,NULL,'99b0300fe20448ccaff9468048b8f3c8',NULL,'NAO SATISFATORIO',1,4,8),('TEXT',96,'2017-06-09 10:05:32','0807983dd3b34f109fb75756862d4a72','ACTIVE',NULL,NULL,'9a8fffd50e8749699d8e1a3d3d05943e',NULL,'COMPETENTE',1,4,9),('TEXT',97,'2017-06-09 10:05:32','0807983dd3b34f109fb75756862d4a72','ACTIVE',NULL,NULL,'caea6883e1e34abe9dc99c80b42eefa7',NULL,'COMPETENTE',1,4,10),('TEXT',98,'2017-06-09 10:05:32','0807983dd3b34f109fb75756862d4a72','ACTIVE',NULL,NULL,'bf3be3009dbc4ef1993894c976ea2063',NULL,'COMPETENTE',1,4,11),('TEXT',99,'2017-06-09 10:05:32','0807983dd3b34f109fb75756862d4a72','ACTIVE',NULL,NULL,'b7900130f7f34f15b1367c68646464c6',NULL,'NAO SATISFATORIO',1,4,12),('TEXT',100,'2017-06-09 10:05:32','0807983dd3b34f109fb75756862d4a72','ACTIVE',NULL,NULL,'daefad9e98b643cf93afad4e09097f3a',NULL,'COMPETENTE',1,4,13),('TEXT',101,'2017-06-09 10:05:32','0807983dd3b34f109fb75756862d4a72','ACTIVE',NULL,NULL,'f412bc0a6b874d6daf5d7efef43c2288',NULL,'COMPETENTE',1,4,14),('TEXT',102,'2017-06-09 10:05:32','0807983dd3b34f109fb75756862d4a72','ACTIVE',NULL,NULL,'1d34c5353454425d9ac9fc9a9ffd4280',NULL,'COMPETENTE',1,4,15),('TEXT',103,'2017-06-09 10:05:32','0807983dd3b34f109fb75756862d4a72','ACTIVE',NULL,NULL,'9b3aa8f697ee43cfbe45912fa1c35ea1',NULL,'COMPETENTE',1,4,16),('TEXT',104,'2017-06-09 10:05:32','0807983dd3b34f109fb75756862d4a72','ACTIVE',NULL,NULL,'bbea087fe01c49be84adf4e453a8d92f',NULL,'NAO SATISFATORIO',1,4,17),('TEXT',105,'2017-06-09 10:05:32','0807983dd3b34f109fb75756862d4a72','ACTIVE',NULL,NULL,'15f376a23a4c4b69a9779d8668ce7cc4',NULL,'COMPETENTE',1,4,18),('TEXT',106,'2017-06-09 10:05:32','0807983dd3b34f109fb75756862d4a72','ACTIVE',NULL,NULL,'88e9b4acd1c744ef8615855d98e994fd',NULL,'COMPETENTE',1,4,19),('TEXT',107,'2017-06-09 10:05:32','0807983dd3b34f109fb75756862d4a72','ACTIVE',NULL,NULL,'04aceaebad2f4a6ab61e747a853ce5ec',NULL,'COMPETENTE',1,4,20),('TEXT',108,'2017-06-09 10:05:32','0807983dd3b34f109fb75756862d4a72','ACTIVE',NULL,NULL,'05bc13a208ca4364a758b4f08394a323',NULL,'COMPETENTE',1,4,21),('TEXT',109,'2017-06-09 10:05:32','0807983dd3b34f109fb75756862d4a72','ACTIVE',NULL,NULL,'c23e1e589dc34b92a2dc8cd0fa305c11',NULL,'NA',1,4,22),('TEXT',110,'2017-06-09 10:05:32','0807983dd3b34f109fb75756862d4a72','ACTIVE',NULL,NULL,'79a26ad69da54601b2aa436efe78a293',NULL,'COMPETENTE',1,4,23),('TEXT',111,'2017-06-09 10:05:32','0807983dd3b34f109fb75756862d4a72','ACTIVE',NULL,NULL,'0725d2ab8cf24254b6d0e918b2ad1371',NULL,'COMPETENTE',1,4,24),('TEXT',112,'2017-06-09 10:05:32','0807983dd3b34f109fb75756862d4a72','ACTIVE',NULL,NULL,'2ab1298b00384a53a7d457305100a423',NULL,'NAO SATISFATORIO',1,4,25),('TEXT',113,'2017-06-09 10:05:32','0807983dd3b34f109fb75756862d4a72','ACTIVE',NULL,NULL,'9b36f998050e4bf9a955b0288cf0f26e',NULL,'NAO SATISFATORIO',1,4,26),('TEXT',114,'2017-06-09 10:21:58','0807983dd3b34f109fb75756862d4a72','ACTIVE',NULL,NULL,'e3202bd2d35a4aec861df7bf51ec8e3d',NULL,'NA',1,5,1),('TEXT',115,'2017-06-09 10:21:58','0807983dd3b34f109fb75756862d4a72','ACTIVE',NULL,NULL,'1fcc73f174d94bc98b7c80e30357aeba',NULL,'COMPETENTE',1,5,2),('TEXT',116,'2017-06-09 10:21:58','0807983dd3b34f109fb75756862d4a72','ACTIVE',NULL,NULL,'15a1bf287c574f8bab5122199bafe5ab',NULL,'NAO SATISFATORIO',1,5,3),('TEXT',117,'2017-06-09 10:21:58','0807983dd3b34f109fb75756862d4a72','ACTIVE',NULL,NULL,'fd47ee1d108a465eae1d6652b3c2c75f',NULL,'NAO SATISFATORIO',1,5,4),('TEXT',118,'2017-06-09 10:21:58','0807983dd3b34f109fb75756862d4a72','ACTIVE',NULL,NULL,'525dd180730045e3816130f039a52f9c',NULL,'COMPETENTE',1,5,5),('TEXT',119,'2017-06-09 10:21:58','0807983dd3b34f109fb75756862d4a72','ACTIVE',NULL,NULL,'9c9834dfac634cbbb5dfd9d0e8943a53',NULL,'COMPETENTE',1,5,6),('TEXT',120,'2017-06-09 10:21:58','0807983dd3b34f109fb75756862d4a72','ACTIVE',NULL,NULL,'f4ad4521eb8848da88f7f24493a13285',NULL,'COMPETENTE',1,5,7),('TEXT',121,'2017-06-09 10:21:58','0807983dd3b34f109fb75756862d4a72','ACTIVE',NULL,NULL,'6b3dd5da15144a0d8b5623d2ce806d58',NULL,'COMPETENTE',1,5,8),('TEXT',122,'2017-06-09 10:21:58','0807983dd3b34f109fb75756862d4a72','ACTIVE',NULL,NULL,'a746c0967c2c4375bdba5cda7c0f75ac',NULL,'COMPETENTE',1,5,9),('TEXT',123,'2017-06-09 10:21:58','0807983dd3b34f109fb75756862d4a72','ACTIVE',NULL,NULL,'6a92251ac11f486b96a1eb8c3acb2ff2',NULL,'COMPETENTE',1,5,10),('TEXT',124,'2017-06-09 10:21:58','0807983dd3b34f109fb75756862d4a72','ACTIVE',NULL,NULL,'05bfdccc3a4844c7b12bd6314ffe8135',NULL,'COMPETENTE',1,5,11),('TEXT',125,'2017-06-09 10:21:58','0807983dd3b34f109fb75756862d4a72','ACTIVE',NULL,NULL,'d5bbed17a3f5495097807170840cf994',NULL,'COMPETENTE',1,5,12),('TEXT',126,'2017-06-09 10:21:58','0807983dd3b34f109fb75756862d4a72','ACTIVE',NULL,NULL,'e7e461fe3ee74e62ac87dfbf9712ba3d',NULL,'COMPETENTE',1,5,13),('TEXT',127,'2017-06-09 10:21:58','0807983dd3b34f109fb75756862d4a72','ACTIVE',NULL,NULL,'a98927a6fe2a44efbd9c6de8e04a064b',NULL,'COMPETENTE',1,5,14),('TEXT',128,'2017-06-09 10:21:58','0807983dd3b34f109fb75756862d4a72','ACTIVE',NULL,NULL,'f304d02be7eb48dfa0c84575ffcf16f5',NULL,'COMPETENTE',1,5,15),('TEXT',129,'2017-06-09 10:21:58','0807983dd3b34f109fb75756862d4a72','ACTIVE',NULL,NULL,'ad29cc935bfc4f84b92c9dd8aa5cf887',NULL,'COMPETENTE',1,5,16),('TEXT',130,'2017-06-09 10:21:58','0807983dd3b34f109fb75756862d4a72','ACTIVE',NULL,NULL,'7017389b1daa4bdda11e16617217048b',NULL,'COMPETENTE',1,5,17),('TEXT',131,'2017-06-09 10:21:58','0807983dd3b34f109fb75756862d4a72','ACTIVE',NULL,NULL,'7950ed12978c4c6d8d0f44a0a7c521ea',NULL,'NAO SATISFATORIO',1,5,18),('TEXT',132,'2017-06-09 10:21:58','0807983dd3b34f109fb75756862d4a72','ACTIVE',NULL,NULL,'8b92882c275e4f16b7e79b8fd527e632',NULL,'COMPETENTE',1,5,19),('TEXT',133,'2017-06-09 10:21:58','0807983dd3b34f109fb75756862d4a72','ACTIVE',NULL,NULL,'e0f1ed92951743da8f71496c3d29986d',NULL,'COMPETENTE',1,5,20),('TEXT',134,'2017-06-09 10:21:58','0807983dd3b34f109fb75756862d4a72','ACTIVE',NULL,NULL,'21f053d57e104d71902cd24a852b50cb',NULL,'COMPETENTE',1,5,21),('TEXT',135,'2017-06-09 10:21:58','0807983dd3b34f109fb75756862d4a72','ACTIVE',NULL,NULL,'67a0565767d34acf886865c9e558b79c',NULL,'NA',1,5,22),('TEXT',136,'2017-06-09 10:21:58','0807983dd3b34f109fb75756862d4a72','ACTIVE',NULL,NULL,'04a0a71106fb46cd8c10c9ac0d03d36f',NULL,'COMPETENTE',1,5,23),('TEXT',137,'2017-06-09 10:21:58','0807983dd3b34f109fb75756862d4a72','ACTIVE',NULL,NULL,'6f51ad2a0ce7401dac7a649d1bf2ca8e',NULL,'COMPETENTE',1,5,24),('TEXT',138,'2017-06-09 10:21:58','0807983dd3b34f109fb75756862d4a72','ACTIVE',NULL,NULL,'e12f7cfae80e42f2a43359983273b483',NULL,'COMPETENTE',1,5,25),('TEXT',139,'2017-06-09 10:21:58','0807983dd3b34f109fb75756862d4a72','ACTIVE',NULL,NULL,'cb6228d208324523aeb43fd7a20bc777',NULL,'COMPETENTE',1,5,26),('TEXT',140,'2017-06-09 10:21:58','0807983dd3b34f109fb75756862d4a72','ACTIVE',NULL,NULL,'f93649fda9634b17ab15e8e4621fb797',NULL,'COMPETENTE',1,6,1),('TEXT',141,'2017-06-09 10:21:58','0807983dd3b34f109fb75756862d4a72','ACTIVE',NULL,NULL,'6fea7863c00b41a2941fe40751de6127',NULL,'COMPETENTE',1,6,2),('TEXT',142,'2017-06-09 10:21:58','0807983dd3b34f109fb75756862d4a72','ACTIVE',NULL,NULL,'b330adfd9ac549e387789a2f2579d2f9',NULL,'NAO SATISFATORIO',1,6,3),('TEXT',143,'2017-06-09 10:21:58','0807983dd3b34f109fb75756862d4a72','ACTIVE',NULL,NULL,'dfcaa7c57b354af3b7b8b48b3814eb76',NULL,'NAO SATISFATORIO',1,6,4),('TEXT',144,'2017-06-09 10:21:58','0807983dd3b34f109fb75756862d4a72','ACTIVE',NULL,NULL,'57042f0e61104a428d12abda077d3084',NULL,'COMPETENTE',1,6,5),('TEXT',145,'2017-06-09 10:21:58','0807983dd3b34f109fb75756862d4a72','ACTIVE',NULL,NULL,'13bb65cf51714d9ab90efe371c970739',NULL,'COMPETENTE',1,6,6),('TEXT',146,'2017-06-09 10:21:58','0807983dd3b34f109fb75756862d4a72','ACTIVE',NULL,NULL,'10465f2804724a4a849162a46f74cd68',NULL,'COMPETENTE',1,6,7),('TEXT',147,'2017-06-09 10:21:58','0807983dd3b34f109fb75756862d4a72','ACTIVE',NULL,NULL,'b2aba2e58b1b4bd5a4369427185b4069',NULL,'COMPETENTE',1,6,8),('TEXT',148,'2017-06-09 10:21:58','0807983dd3b34f109fb75756862d4a72','ACTIVE',NULL,NULL,'683f2a0ed1bb4041951d97b049f97248',NULL,'COMPETENTE',1,6,9),('TEXT',149,'2017-06-09 10:21:58','0807983dd3b34f109fb75756862d4a72','ACTIVE',NULL,NULL,'ec9deda2aae6437e957427a473e22eb0',NULL,'COMPETENTE',1,6,10),('TEXT',150,'2017-06-09 10:21:58','0807983dd3b34f109fb75756862d4a72','ACTIVE',NULL,NULL,'47cff3e886ed4731ad84fe6b153ed579',NULL,'COMPETENTE',1,6,11),('TEXT',151,'2017-06-09 10:21:58','0807983dd3b34f109fb75756862d4a72','ACTIVE',NULL,NULL,'b1e2a6be1b3044279c509783851bb0f9',NULL,'COMPETENTE',1,6,12),('TEXT',152,'2017-06-09 10:21:58','0807983dd3b34f109fb75756862d4a72','ACTIVE',NULL,NULL,'00dd55975bde44219dd26d08fe74fe5f',NULL,'COMPETENTE',1,6,13),('TEXT',153,'2017-06-09 10:21:58','0807983dd3b34f109fb75756862d4a72','ACTIVE',NULL,NULL,'1b6a4bea12f0490f8aa2404aee71549b',NULL,'COMPETENTE',1,6,14),('TEXT',154,'2017-06-09 10:21:58','0807983dd3b34f109fb75756862d4a72','ACTIVE',NULL,NULL,'549793e2e1654fa0b4aa90e06acb0027',NULL,'COMPETENTE',1,6,15),('TEXT',155,'2017-06-09 10:21:58','0807983dd3b34f109fb75756862d4a72','ACTIVE',NULL,NULL,'209a5e65569542498dd55102c99b3e0f',NULL,'COMPETENTE',1,6,16),('TEXT',156,'2017-06-09 10:21:58','0807983dd3b34f109fb75756862d4a72','ACTIVE',NULL,NULL,'8eee0394be684113af14db839a1ccd94',NULL,'NAO SATISFATORIO',1,6,17),('TEXT',157,'2017-06-09 10:21:58','0807983dd3b34f109fb75756862d4a72','ACTIVE',NULL,NULL,'9a20479e99d145c9b471710fea8a46a3',NULL,'NAO SATISFATORIO',1,6,18),('TEXT',158,'2017-06-09 10:21:58','0807983dd3b34f109fb75756862d4a72','ACTIVE',NULL,NULL,'0b3bed8a99524e6a833ee855c7d6f194',NULL,'COMPETENTE',1,6,19),('TEXT',159,'2017-06-09 10:21:58','0807983dd3b34f109fb75756862d4a72','ACTIVE',NULL,NULL,'2f9c6e8d49524ce6906cd5c167e6752e',NULL,'COMPETENTE',1,6,20),('TEXT',160,'2017-06-09 10:21:58','0807983dd3b34f109fb75756862d4a72','ACTIVE',NULL,NULL,'f35965cd59394b67b7a8eb5e5375e2e4',NULL,'COMPETENTE',1,6,21),('TEXT',161,'2017-06-09 10:21:58','0807983dd3b34f109fb75756862d4a72','ACTIVE',NULL,NULL,'3c5dc40bba08426fb683fc6c0ff6a0cf',NULL,'NA',1,6,22),('TEXT',162,'2017-06-09 10:21:58','0807983dd3b34f109fb75756862d4a72','ACTIVE',NULL,NULL,'7ea40a2b92c54eae83b23ad345d33526',NULL,'COMPETENTE',1,6,23),('TEXT',163,'2017-06-09 10:21:58','0807983dd3b34f109fb75756862d4a72','ACTIVE',NULL,NULL,'f9f4707a8c1e459abe723402bae18d98',NULL,'NAO SATISFATORIO',1,6,24),('TEXT',164,'2017-06-09 10:21:58','0807983dd3b34f109fb75756862d4a72','ACTIVE',NULL,NULL,'82b27aea7cf74d5bb866d0c3f3ba955b',NULL,'NAO SATISFATORIO',1,6,25),('TEXT',165,'2017-06-09 10:21:58','0807983dd3b34f109fb75756862d4a72','ACTIVE',NULL,NULL,'3d4f6f020f0c4167bf0ca0f1db0a31bb',NULL,'NAO SATISFATORIO',1,6,26),('TEXT',166,'2017-06-13 20:20:55','0807983dd3b34f109fb75756862d4a72','ACTIVE',NULL,NULL,'1e9010afff16407fbb051d0a71a99cbc',NULL,'NAO SATISFATORIO',1,7,1),('TEXT',167,'2017-06-13 20:20:55','0807983dd3b34f109fb75756862d4a72','ACTIVE',NULL,NULL,'ca9655195ff4470783c0833e560d1f22',NULL,'NAO SATISFATORIO',1,7,2),('TEXT',168,'2017-06-13 20:20:55','0807983dd3b34f109fb75756862d4a72','ACTIVE',NULL,NULL,'3cee45f1a7d84a1f9710ebae458427c2',NULL,'NAO SATISFATORIO',1,7,3),('TEXT',169,'2017-06-13 20:20:55','0807983dd3b34f109fb75756862d4a72','ACTIVE',NULL,NULL,'908f5d6c6ec44479b1278e03cff7cfd1',NULL,'NAO SATISFATORIO',1,7,4),('TEXT',170,'2017-06-13 20:20:55','0807983dd3b34f109fb75756862d4a72','ACTIVE',NULL,NULL,'2122709d6826465b9f9c4e62b5d7b36f',NULL,'NAO SATISFATORIO',1,7,5),('TEXT',171,'2017-06-13 20:20:55','0807983dd3b34f109fb75756862d4a72','ACTIVE',NULL,NULL,'ac60d170ded0429094ba23da32183a1d',NULL,'COMPETENTE',1,7,6),('TEXT',172,'2017-06-13 20:20:55','0807983dd3b34f109fb75756862d4a72','ACTIVE',NULL,NULL,'628b49f8e70f4209bd597e4ebb574a76',NULL,'COMPETENTE',1,7,7),('TEXT',173,'2017-06-13 20:20:55','0807983dd3b34f109fb75756862d4a72','ACTIVE',NULL,NULL,'64160d0e1e06495abc7db6f7fcfbbcdf',NULL,'COMPETENTE',1,7,8),('TEXT',174,'2017-06-13 20:20:55','0807983dd3b34f109fb75756862d4a72','ACTIVE',NULL,NULL,'784d49f5e06747a19859a77c00ecd435',NULL,'COMPETENTE',1,7,9),('TEXT',175,'2017-06-13 20:20:55','0807983dd3b34f109fb75756862d4a72','ACTIVE',NULL,NULL,'145094dd52be42b7aa0a08635884c4f4',NULL,'COMPETENTE',1,7,10),('TEXT',176,'2017-06-13 20:20:55','0807983dd3b34f109fb75756862d4a72','ACTIVE',NULL,NULL,'fa3560eafb2f473bad587cd7f4168cfa',NULL,'COMPETENTE',1,7,11),('TEXT',177,'2017-06-13 20:20:55','0807983dd3b34f109fb75756862d4a72','ACTIVE',NULL,NULL,'3aa93b2fd78747d6aac1cc8bdea6033e',NULL,'COMPETENTE',1,7,12),('TEXT',178,'2017-06-13 20:20:55','0807983dd3b34f109fb75756862d4a72','ACTIVE',NULL,NULL,'9668f950359b44588cb0d3aa87851b4f',NULL,'COMPETENTE',1,7,13),('TEXT',179,'2017-06-13 20:20:55','0807983dd3b34f109fb75756862d4a72','ACTIVE',NULL,NULL,'b4b2432c1d7b4b388400edc97fda1684',NULL,'COMPETENTE',1,7,14),('TEXT',180,'2017-06-13 20:20:55','0807983dd3b34f109fb75756862d4a72','ACTIVE',NULL,NULL,'fe080fcdbce64c3c9f07094457966e92',NULL,'COMPETENTE',1,7,15),('TEXT',181,'2017-06-13 20:20:55','0807983dd3b34f109fb75756862d4a72','ACTIVE',NULL,NULL,'72c212abead14f66be770d340f4e942a',NULL,'COMPETENTE',1,7,16),('TEXT',182,'2017-06-13 20:20:55','0807983dd3b34f109fb75756862d4a72','ACTIVE',NULL,NULL,'fce7369f729e4afcaa07d02f60c41a5e',NULL,'COMPETENTE',1,7,17),('TEXT',183,'2017-06-13 20:20:55','0807983dd3b34f109fb75756862d4a72','ACTIVE',NULL,NULL,'6f65e636a6d94bd490afbf6c4d7a0d62',NULL,'COMPETENTE',1,7,18),('TEXT',184,'2017-06-13 20:20:55','0807983dd3b34f109fb75756862d4a72','ACTIVE',NULL,NULL,'b909dacf3fd24ab8a7e93d9071f2136a',NULL,'COMPETENTE',1,7,19),('TEXT',185,'2017-06-13 20:20:55','0807983dd3b34f109fb75756862d4a72','ACTIVE',NULL,NULL,'9ac3e2c53b5549dab212ae23d691684d',NULL,'COMPETENTE',1,7,20),('TEXT',186,'2017-06-13 20:20:55','0807983dd3b34f109fb75756862d4a72','ACTIVE',NULL,NULL,'a14e41f1239747b080da6a157864362b',NULL,'COMPETENTE',1,7,21),('TEXT',187,'2017-06-13 20:20:55','0807983dd3b34f109fb75756862d4a72','ACTIVE',NULL,NULL,'ae45647e7866478287d568796c936757',NULL,'COMPETENTE',1,7,22),('TEXT',188,'2017-06-13 20:20:55','0807983dd3b34f109fb75756862d4a72','ACTIVE',NULL,NULL,'1e875bde62b54a0782a6ba60966a0403',NULL,'COMPETENTE',1,7,23),('TEXT',189,'2017-06-13 20:20:55','0807983dd3b34f109fb75756862d4a72','ACTIVE',NULL,NULL,'36159909ad174437948c77dbe4387a31',NULL,'COMPETENTE',1,7,24),('TEXT',190,'2017-06-13 20:20:55','0807983dd3b34f109fb75756862d4a72','ACTIVE',NULL,NULL,'0ddb99401809485abd65d207ff534459',NULL,'NA',1,7,25),('TEXT',191,'2017-06-13 20:20:55','0807983dd3b34f109fb75756862d4a72','ACTIVE',NULL,NULL,'342a5c4b654c4e7c842cc0ad2f830a7e',NULL,'NA',1,7,26),('TEXT',192,'2017-06-13 20:25:47','0807983dd3b34f109fb75756862d4a72','ACTIVE',NULL,NULL,'14a9692112a548c8a133b0bd34d841f9',NULL,'COMPETENTE',1,8,1),('TEXT',193,'2017-06-13 20:25:47','0807983dd3b34f109fb75756862d4a72','ACTIVE',NULL,NULL,'ae42d31f0b4041378dfb155c378784a8',NULL,'COMPETENTE',1,8,2),('TEXT',194,'2017-06-13 20:25:47','0807983dd3b34f109fb75756862d4a72','ACTIVE',NULL,NULL,'9c2067cb1c45477394e411b085423df0',NULL,'NAO SATISFATORIO',1,8,3),('TEXT',195,'2017-06-13 20:25:47','0807983dd3b34f109fb75756862d4a72','ACTIVE',NULL,NULL,'94908fbc1c3a4eef91d086b104855e7c',NULL,'NAO SATISFATORIO',1,8,4),('TEXT',196,'2017-06-13 20:25:47','0807983dd3b34f109fb75756862d4a72','ACTIVE',NULL,NULL,'da850fbcf24d4847acef555937542a89',NULL,'COMPETENTE',1,8,5),('TEXT',197,'2017-06-13 20:25:47','0807983dd3b34f109fb75756862d4a72','ACTIVE',NULL,NULL,'764410e875f44cee816b49d506265893',NULL,'COMPETENTE',1,8,6),('TEXT',198,'2017-06-13 20:25:47','0807983dd3b34f109fb75756862d4a72','ACTIVE',NULL,NULL,'f25c0842045a4f48bfae9a18a516e786',NULL,'COMPETENTE',1,8,7),('TEXT',199,'2017-06-13 20:25:47','0807983dd3b34f109fb75756862d4a72','ACTIVE',NULL,NULL,'8ee51c3677e54d61925a6c02c6e08f7b',NULL,'NAO SATISFATORIO',1,8,8),('TEXT',200,'2017-06-13 20:25:47','0807983dd3b34f109fb75756862d4a72','ACTIVE',NULL,NULL,'f9f0604f46a1429d9658a6361df17062',NULL,'COMPETENTE',1,8,9),('TEXT',201,'2017-06-13 20:25:47','0807983dd3b34f109fb75756862d4a72','ACTIVE',NULL,NULL,'b3ac73713fa643428ef3cd769b684cd3',NULL,'COMPETENTE',1,8,10),('TEXT',202,'2017-06-13 20:25:47','0807983dd3b34f109fb75756862d4a72','ACTIVE',NULL,NULL,'74ab0fdb7cb346ffb3ba07f6ac2fef37',NULL,'NAO SATISFATORIO',1,8,11),('TEXT',203,'2017-06-13 20:25:47','0807983dd3b34f109fb75756862d4a72','ACTIVE',NULL,NULL,'e9ad5be207cd4e69be5ffe767ed07478',NULL,'NAO SATISFATORIO',1,8,12),('TEXT',204,'2017-06-13 20:25:47','0807983dd3b34f109fb75756862d4a72','ACTIVE',NULL,NULL,'f07d4b3cfe3c42a586d091f12789628f',NULL,'NAO SATISFATORIO',1,8,13),('TEXT',205,'2017-06-13 20:25:47','0807983dd3b34f109fb75756862d4a72','ACTIVE',NULL,NULL,'1a1a8549a3b64d4b8fe28e717d5c89cb',NULL,'COMPETENTE',1,8,14),('TEXT',206,'2017-06-13 20:25:47','0807983dd3b34f109fb75756862d4a72','ACTIVE',NULL,NULL,'f288e144ff534f73b15808d1d103dd89',NULL,'COMPETENTE',1,8,15),('TEXT',207,'2017-06-13 20:25:47','0807983dd3b34f109fb75756862d4a72','ACTIVE',NULL,NULL,'ee6750c7bf0243cf9a57029f1b49ef82',NULL,'COMPETENTE',1,8,16),('TEXT',208,'2017-06-13 20:25:47','0807983dd3b34f109fb75756862d4a72','ACTIVE',NULL,NULL,'e182e3ba74a646eb879dec830c9299e6',NULL,'COMPETENTE',1,8,17),('TEXT',209,'2017-06-13 20:25:47','0807983dd3b34f109fb75756862d4a72','ACTIVE',NULL,NULL,'1e03b8222db2470abd07f7ff5e0a84cf',NULL,'COMPETENTE',1,8,18),('TEXT',210,'2017-06-13 20:25:47','0807983dd3b34f109fb75756862d4a72','ACTIVE',NULL,NULL,'1805545105834b18ad26d44889b93366',NULL,'COMPETENTE',1,8,19),('TEXT',211,'2017-06-13 20:25:47','0807983dd3b34f109fb75756862d4a72','ACTIVE',NULL,NULL,'0fbc9c3e029345908d87390daa20f4a3',NULL,'COMPETENTE',1,8,20),('TEXT',212,'2017-06-13 20:25:47','0807983dd3b34f109fb75756862d4a72','ACTIVE',NULL,NULL,'0cbc2edd8b754c6f84a1283545cd38a0',NULL,'COMPETENTE',1,8,21),('TEXT',213,'2017-06-13 20:25:47','0807983dd3b34f109fb75756862d4a72','ACTIVE',NULL,NULL,'f42a94e9938e49c79fd13123c936f70a',NULL,'NA',1,8,22),('TEXT',214,'2017-06-13 20:25:47','0807983dd3b34f109fb75756862d4a72','ACTIVE',NULL,NULL,'e54902aeeed8498eb07b0ad88273576c',NULL,'COMPETENTE',1,8,23),('TEXT',215,'2017-06-13 20:25:47','0807983dd3b34f109fb75756862d4a72','ACTIVE',NULL,NULL,'cbd796e2980942edbd3abb2a581cfe58',NULL,'COMPETENTE',1,8,24),('TEXT',216,'2017-06-13 20:25:47','0807983dd3b34f109fb75756862d4a72','ACTIVE',NULL,NULL,'f9e67e367e2947e6af26fc21aea4412a',NULL,'NA',1,8,25),('TEXT',217,'2017-06-13 20:25:47','0807983dd3b34f109fb75756862d4a72','ACTIVE',NULL,NULL,'638334178e274e44a4feb55f329f6651',NULL,'NAO SATISFATORIO',1,8,26),('TEXT',218,'2017-06-13 20:29:38','0807983dd3b34f109fb75756862d4a72','ACTIVE',NULL,NULL,'df07578ca45e47e1a845d409e41dae3b',NULL,'COMPETENTE',1,9,1),('TEXT',219,'2017-06-13 20:29:38','0807983dd3b34f109fb75756862d4a72','ACTIVE',NULL,NULL,'c91071864aba4363972474596b44cd09',NULL,'NAO SATISFATORIO',1,9,2),('TEXT',220,'2017-06-13 20:29:38','0807983dd3b34f109fb75756862d4a72','ACTIVE',NULL,NULL,'e6823de3144b42968310f1e5163a08f2',NULL,'NAO SATISFATORIO',1,9,3),('TEXT',221,'2017-06-13 20:29:38','0807983dd3b34f109fb75756862d4a72','ACTIVE',NULL,NULL,'1cb8f46012ab447e84fc59347271d65e',NULL,'NAO SATISFATORIO',1,9,4),('TEXT',222,'2017-06-13 20:29:38','0807983dd3b34f109fb75756862d4a72','ACTIVE',NULL,NULL,'b62073444e504a069a0bcdcf369d9624',NULL,'COMPETENTE',1,9,5),('TEXT',223,'2017-06-13 20:29:38','0807983dd3b34f109fb75756862d4a72','ACTIVE',NULL,NULL,'700d258db65c464bb54e54782e146f9c',NULL,'COMPETENTE',1,9,6),('TEXT',224,'2017-06-13 20:29:38','0807983dd3b34f109fb75756862d4a72','ACTIVE',NULL,NULL,'98a5ee76ee3c46c998a161505c9b459d',NULL,'COMPETENTE',1,9,7),('TEXT',225,'2017-06-13 20:29:38','0807983dd3b34f109fb75756862d4a72','ACTIVE',NULL,NULL,'bfca2081f52246b28b821beb0ba4d2fc',NULL,'COMPETENTE',1,9,8),('TEXT',226,'2017-06-13 20:29:38','0807983dd3b34f109fb75756862d4a72','ACTIVE',NULL,NULL,'035ea3db4a4845d997b1e99ee6459e4c',NULL,'COMPETENTE',1,9,9),('TEXT',227,'2017-06-13 20:29:38','0807983dd3b34f109fb75756862d4a72','ACTIVE',NULL,NULL,'711b939ba3a244fe8996b310200fa4dd',NULL,'COMPETENTE',1,9,10),('TEXT',228,'2017-06-13 20:29:38','0807983dd3b34f109fb75756862d4a72','ACTIVE',NULL,NULL,'4db77cc0331f40a2b8608089214ef0bd',NULL,'COMPETENTE',1,9,11),('TEXT',229,'2017-06-13 20:29:38','0807983dd3b34f109fb75756862d4a72','ACTIVE',NULL,NULL,'9334c025898f4025b674ef6c87fb96d3',NULL,'NAO SATISFATORIO',1,9,12),('TEXT',230,'2017-06-13 20:29:38','0807983dd3b34f109fb75756862d4a72','ACTIVE',NULL,NULL,'acb4eb1b13174928b195b8ff955caffa',NULL,'NAO SATISFATORIO',1,9,13),('TEXT',231,'2017-06-13 20:29:38','0807983dd3b34f109fb75756862d4a72','ACTIVE',NULL,NULL,'1a72951b64b94f8e958510ee0e08141c',NULL,'COMPETENTE',1,9,14),('TEXT',232,'2017-06-13 20:29:38','0807983dd3b34f109fb75756862d4a72','ACTIVE',NULL,NULL,'bba0544b86374b1cb8240fb156add223',NULL,'COMPETENTE',1,9,15),('TEXT',233,'2017-06-13 20:29:38','0807983dd3b34f109fb75756862d4a72','ACTIVE',NULL,NULL,'0b669077afa14d448e5a67f8b6da75ea',NULL,'COMPETENTE',1,9,16),('TEXT',234,'2017-06-13 20:29:38','0807983dd3b34f109fb75756862d4a72','ACTIVE',NULL,NULL,'f1250a8633a34f218cc3f827c614cc43',NULL,'COMPETENTE',1,9,17),('TEXT',235,'2017-06-13 20:29:38','0807983dd3b34f109fb75756862d4a72','ACTIVE',NULL,NULL,'96d0f7d4a87b4188983c906e353a5fe4',NULL,'COMPETENTE',1,9,18),('TEXT',236,'2017-06-13 20:29:38','0807983dd3b34f109fb75756862d4a72','ACTIVE',NULL,NULL,'6d413624956e41cfa995340f5e16bd54',NULL,'COMPETENTE',1,9,19),('TEXT',237,'2017-06-13 20:29:38','0807983dd3b34f109fb75756862d4a72','ACTIVE',NULL,NULL,'7f4490bd1f474a61a05942161458dd3c',NULL,'COMPETENTE',1,9,20),('TEXT',238,'2017-06-13 20:29:38','0807983dd3b34f109fb75756862d4a72','ACTIVE',NULL,NULL,'4ec85498a9234e129770518c38574300',NULL,'COMPETENTE',1,9,21),('TEXT',239,'2017-06-13 20:29:38','0807983dd3b34f109fb75756862d4a72','ACTIVE',NULL,NULL,'df14e5c793ef400abf77809a0227710e',NULL,'COMPETENTE',1,9,22),('TEXT',240,'2017-06-13 20:29:38','0807983dd3b34f109fb75756862d4a72','ACTIVE',NULL,NULL,'cf158d1204a44ae999f990e445888cba',NULL,'NAO SATISFATORIO',1,9,23),('TEXT',241,'2017-06-13 20:29:38','0807983dd3b34f109fb75756862d4a72','ACTIVE',NULL,NULL,'90a2d5f24f3a4b95809494dfa58f356a',NULL,'NAO SATISFATORIO',1,9,24),('TEXT',242,'2017-06-13 20:29:38','0807983dd3b34f109fb75756862d4a72','ACTIVE',NULL,NULL,'a700442404dd46c78061e4a88268e60d',NULL,'NAO SATISFATORIO',1,9,25),('TEXT',243,'2017-06-13 20:29:38','0807983dd3b34f109fb75756862d4a72','ACTIVE',NULL,NULL,'d5ec6b6a215c4893a1f12a202941f07a',NULL,'COMPETENTE',1,9,26),('TEXT',244,'2017-06-13 20:44:37','0807983dd3b34f109fb75756862d4a72','ACTIVE',NULL,NULL,'5bd6294578584a7c888c3ff9c055ad87',NULL,'COMPETENTE',1,10,1),('TEXT',245,'2017-06-13 20:44:37','0807983dd3b34f109fb75756862d4a72','ACTIVE',NULL,NULL,'eb605c80a9764b298778db39480e9c15',NULL,'COMPETENTE',1,10,2),('TEXT',246,'2017-06-13 20:44:37','0807983dd3b34f109fb75756862d4a72','ACTIVE',NULL,NULL,'0d26a5a653024479a04e53e16c971ee7',NULL,'NAO SATISFATORIO',1,10,3),('TEXT',247,'2017-06-13 20:44:37','0807983dd3b34f109fb75756862d4a72','ACTIVE',NULL,NULL,'6ebab043a19f49bfa6a53f9bbe048acd',NULL,'NAO SATISFATORIO',1,10,4),('TEXT',248,'2017-06-13 20:44:37','0807983dd3b34f109fb75756862d4a72','ACTIVE',NULL,NULL,'d66c85f704cf4dc6a945532aa915976e',NULL,'NAO SATISFATORIO',1,10,5),('TEXT',249,'2017-06-13 20:44:37','0807983dd3b34f109fb75756862d4a72','ACTIVE',NULL,NULL,'fd8f94aae8cc46e39dc3a49d72d864ef',NULL,'COMPETENTE',1,10,6),('TEXT',250,'2017-06-13 20:44:37','0807983dd3b34f109fb75756862d4a72','ACTIVE',NULL,NULL,'a70605d1c8294abebf9e4edda6241c3b',NULL,'COMPETENTE',1,10,7),('TEXT',251,'2017-06-13 20:44:37','0807983dd3b34f109fb75756862d4a72','ACTIVE',NULL,NULL,'dc279eab87ba4ea2b94fae3516c23019',NULL,'COMPETENTE',1,10,8),('TEXT',252,'2017-06-13 20:44:37','0807983dd3b34f109fb75756862d4a72','ACTIVE',NULL,NULL,'7a1fa268b3014c729ea42340c3927c80',NULL,'COMPETENTE',1,10,9),('TEXT',253,'2017-06-13 20:44:37','0807983dd3b34f109fb75756862d4a72','ACTIVE',NULL,NULL,'8b279038259b48afbaa8a36cf9a3e7de',NULL,'COMPETENTE',1,10,10),('TEXT',254,'2017-06-13 20:44:37','0807983dd3b34f109fb75756862d4a72','ACTIVE',NULL,NULL,'d36b90de227d4ad7ae19fd522bd8742a',NULL,'COMPETENTE',1,10,11),('TEXT',255,'2017-06-13 20:44:37','0807983dd3b34f109fb75756862d4a72','ACTIVE',NULL,NULL,'c5892e77e96947c4a15cb3ae9c913570',NULL,'COMPETENTE',1,10,12),('TEXT',256,'2017-06-13 20:44:37','0807983dd3b34f109fb75756862d4a72','ACTIVE',NULL,NULL,'6c4203dae62846e684e3d6550196765a',NULL,'COMPETENTE',1,10,13),('TEXT',257,'2017-06-13 20:44:37','0807983dd3b34f109fb75756862d4a72','ACTIVE',NULL,NULL,'da2fd6a77c24472e8501e76afeeb67cd',NULL,'COMPETENTE',1,10,14),('TEXT',258,'2017-06-13 20:44:37','0807983dd3b34f109fb75756862d4a72','ACTIVE',NULL,NULL,'45b7d33953ef494e8e24e37f30941d96',NULL,'COMPETENTE',1,10,15),('TEXT',259,'2017-06-13 20:44:37','0807983dd3b34f109fb75756862d4a72','ACTIVE',NULL,NULL,'cd4d7e3daea2403ca0a5cfba9bff75c5',NULL,'COMPETENTE',1,10,16),('TEXT',260,'2017-06-13 20:44:37','0807983dd3b34f109fb75756862d4a72','ACTIVE',NULL,NULL,'fc5b179bbab44ac393ef37435a2474e5',NULL,'COMPETENTE',1,10,17),('TEXT',261,'2017-06-13 20:44:37','0807983dd3b34f109fb75756862d4a72','ACTIVE',NULL,NULL,'3d91466928054b3dbb9c9b946c4af64a',NULL,'COMPETENTE',1,10,18),('TEXT',262,'2017-06-13 20:44:37','0807983dd3b34f109fb75756862d4a72','ACTIVE',NULL,NULL,'ae255ad7942343cc9dc361ad298cefab',NULL,'COMPETENTE',1,10,19),('TEXT',263,'2017-06-13 20:44:37','0807983dd3b34f109fb75756862d4a72','ACTIVE',NULL,NULL,'67c5aed9caaf4666be30860a5b5d7f0b',NULL,'COMPETENTE',1,10,20),('TEXT',264,'2017-06-13 20:44:37','0807983dd3b34f109fb75756862d4a72','ACTIVE',NULL,NULL,'a621cc9e5dca4d729a3219a356dffc43',NULL,'COMPETENTE',1,10,21),('TEXT',265,'2017-06-13 20:44:37','0807983dd3b34f109fb75756862d4a72','ACTIVE',NULL,NULL,'33e42f4c30b7405b8c324f4e89092028',NULL,'COMPETENTE',1,10,22),('TEXT',266,'2017-06-13 20:44:37','0807983dd3b34f109fb75756862d4a72','ACTIVE',NULL,NULL,'f7b71d07753e481d8fdcee56c24ea2d9',NULL,'COMPETENTE',1,10,23),('TEXT',267,'2017-06-13 20:44:37','0807983dd3b34f109fb75756862d4a72','ACTIVE',NULL,NULL,'ccfeaffb9eed4e7e89a25ee1b34b1bc3',NULL,'COMPETENTE',1,10,24),('TEXT',268,'2017-06-13 20:44:37','0807983dd3b34f109fb75756862d4a72','ACTIVE',NULL,NULL,'669388b934fa4e6daf11722aa6bef11c',NULL,'NA',1,10,25),('TEXT',269,'2017-06-13 20:44:37','0807983dd3b34f109fb75756862d4a72','ACTIVE',NULL,NULL,'6d4d22fae5db43a7a4ffaf8644643c58',NULL,'NA',1,10,26),('TEXT',270,'2017-06-13 20:48:07','0807983dd3b34f109fb75756862d4a72','ACTIVE',NULL,NULL,'0fbded7e6c8a43a594c1d23d4f151ab1',NULL,'NA',1,11,1),('TEXT',271,'2017-06-13 20:48:07','0807983dd3b34f109fb75756862d4a72','ACTIVE',NULL,NULL,'bd0d4b6525ef4bf28d87c9f3cba337bd',NULL,'NAO SATISFATORIO',1,11,2),('TEXT',272,'2017-06-13 20:48:07','0807983dd3b34f109fb75756862d4a72','ACTIVE',NULL,NULL,'7301ae4c842e42259af54c7d601fcf0e',NULL,'NAO SATISFATORIO',1,11,3),('TEXT',273,'2017-06-13 20:48:07','0807983dd3b34f109fb75756862d4a72','ACTIVE',NULL,NULL,'72e5e261904b4afa9ed06779adac53b2',NULL,'NAO SATISFATORIO',1,11,4),('TEXT',274,'2017-06-13 20:48:07','0807983dd3b34f109fb75756862d4a72','ACTIVE',NULL,NULL,'b32cddd1b7784af79005bcf50c13abf4',NULL,'NAO SATISFATORIO',1,11,5),('TEXT',275,'2017-06-13 20:48:07','0807983dd3b34f109fb75756862d4a72','ACTIVE',NULL,NULL,'0129982b330a411ab841be77679b0a15',NULL,'COMPETENTE',1,11,6),('TEXT',276,'2017-06-13 20:48:07','0807983dd3b34f109fb75756862d4a72','ACTIVE',NULL,NULL,'c872f5108a5346749aa6fd66280d3499',NULL,'COMPETENTE',1,11,7),('TEXT',277,'2017-06-13 20:48:07','0807983dd3b34f109fb75756862d4a72','ACTIVE',NULL,NULL,'415de4e4a4cb414cb508d6da7ddaea0f',NULL,'COMPETENTE',1,11,8),('TEXT',278,'2017-06-13 20:48:07','0807983dd3b34f109fb75756862d4a72','ACTIVE',NULL,NULL,'0c4e7a48d1774712a3372b2bc49046e5',NULL,'COMPETENTE',1,11,9),('TEXT',279,'2017-06-13 20:48:07','0807983dd3b34f109fb75756862d4a72','ACTIVE',NULL,NULL,'edd2ad0bda2e438a95bee1734d5022d1',NULL,'COMPETENTE',1,11,10),('TEXT',280,'2017-06-13 20:48:07','0807983dd3b34f109fb75756862d4a72','ACTIVE',NULL,NULL,'c216e06957a44167b204803d63e34866',NULL,'COMPETENTE',1,11,11),('TEXT',281,'2017-06-13 20:48:07','0807983dd3b34f109fb75756862d4a72','ACTIVE',NULL,NULL,'afc4495eb46d4898aa8f5435047f4591',NULL,'COMPETENTE',1,11,12),('TEXT',282,'2017-06-13 20:48:07','0807983dd3b34f109fb75756862d4a72','ACTIVE',NULL,NULL,'72b5fee48dbb449bbbcbfc79f56af89c',NULL,'COMPETENTE',1,11,13),('TEXT',283,'2017-06-13 20:48:07','0807983dd3b34f109fb75756862d4a72','ACTIVE',NULL,NULL,'0501602a35d74626b901519b70eaed35',NULL,'COMPETENTE',1,11,14),('TEXT',284,'2017-06-13 20:48:07','0807983dd3b34f109fb75756862d4a72','ACTIVE',NULL,NULL,'65b89aa5ab1d4117987d06ea1c67271e',NULL,'COMPETENTE',1,11,15),('TEXT',285,'2017-06-13 20:48:07','0807983dd3b34f109fb75756862d4a72','ACTIVE',NULL,NULL,'634e9bd3eaa2407aa43e2916b3db1509',NULL,'COMPETENTE',1,11,16),('TEXT',286,'2017-06-13 20:48:07','0807983dd3b34f109fb75756862d4a72','ACTIVE',NULL,NULL,'d603b411d9c24ba2aaa77ea17242be9d',NULL,'COMPETENTE',1,11,17),('TEXT',287,'2017-06-13 20:48:07','0807983dd3b34f109fb75756862d4a72','ACTIVE',NULL,NULL,'7186c4ceeb9a4137bfb7829308191fec',NULL,'COMPETENTE',1,11,18),('TEXT',288,'2017-06-13 20:48:07','0807983dd3b34f109fb75756862d4a72','ACTIVE',NULL,NULL,'2955615aaac14a53a5fbe3a1a05b56ec',NULL,'COMPETENTE',1,11,19),('TEXT',289,'2017-06-13 20:48:07','0807983dd3b34f109fb75756862d4a72','ACTIVE',NULL,NULL,'de4c0f3f35d044539f0b87029db51011',NULL,'COMPETENTE',1,11,20),('TEXT',290,'2017-06-13 20:48:07','0807983dd3b34f109fb75756862d4a72','ACTIVE',NULL,NULL,'47be04132357482f9a984810b730a6fe',NULL,'COMPETENTE',1,11,21),('TEXT',291,'2017-06-13 20:48:07','0807983dd3b34f109fb75756862d4a72','ACTIVE',NULL,NULL,'d9f9ca53240a45929531a2eb31818520',NULL,'COMPETENTE',1,11,22),('TEXT',292,'2017-06-13 20:48:07','0807983dd3b34f109fb75756862d4a72','ACTIVE',NULL,NULL,'bdbb6d45e2ef492c946b66ea3d8ae496',NULL,'COMPETENTE',1,11,23),('TEXT',293,'2017-06-13 20:48:07','0807983dd3b34f109fb75756862d4a72','ACTIVE',NULL,NULL,'4fc6b9712a65468d852c400dce017261',NULL,'COMPETENTE',1,11,24),('TEXT',294,'2017-06-13 20:48:07','0807983dd3b34f109fb75756862d4a72','ACTIVE',NULL,NULL,'272deea3c7aa43599fdd9da6fa550874',NULL,'NAO SATISFATORIO',1,11,25),('TEXT',295,'2017-06-13 20:48:07','0807983dd3b34f109fb75756862d4a72','ACTIVE',NULL,NULL,'d0e6a4063d0540358cb9d445c4c30ecf',NULL,'NAO SATISFATORIO',1,11,26),('TEXT',296,'2017-06-13 20:53:51','0807983dd3b34f109fb75756862d4a72','ACTIVE',NULL,NULL,'e5ca5561cd564ec9afafa89a77498a2f',NULL,'NA',1,12,1),('TEXT',297,'2017-06-13 20:53:51','0807983dd3b34f109fb75756862d4a72','ACTIVE',NULL,NULL,'d238bc439adf43b592c1c1504f87eb34',NULL,'NAO SATISFATORIO',1,12,2),('TEXT',298,'2017-06-13 20:53:51','0807983dd3b34f109fb75756862d4a72','ACTIVE',NULL,NULL,'35469872cfda422a928f4a730ba74104',NULL,'NAO SATISFATORIO',1,12,3),('TEXT',299,'2017-06-13 20:53:51','0807983dd3b34f109fb75756862d4a72','ACTIVE',NULL,NULL,'cb4464909274496c961cc25213f3bd4a',NULL,'NAO SATISFATORIO',1,12,4),('TEXT',300,'2017-06-13 20:53:51','0807983dd3b34f109fb75756862d4a72','ACTIVE',NULL,NULL,'ce719672030648c89acc0ff0bd987bf1',NULL,'NAO SATISFATORIO',1,12,5),('TEXT',301,'2017-06-13 20:53:51','0807983dd3b34f109fb75756862d4a72','ACTIVE',NULL,NULL,'ed503b58f36f4ed2b851051802a6d28b',NULL,'COMPETENTE',1,12,6),('TEXT',302,'2017-06-13 20:53:51','0807983dd3b34f109fb75756862d4a72','ACTIVE',NULL,NULL,'a81af5d493984b9194538146d7e10885',NULL,'COMPETENTE',1,12,7),('TEXT',303,'2017-06-13 20:53:51','0807983dd3b34f109fb75756862d4a72','ACTIVE',NULL,NULL,'bf061709947b4d308468d5c302efdb12',NULL,'COMPETENTE',1,12,8),('TEXT',304,'2017-06-13 20:53:51','0807983dd3b34f109fb75756862d4a72','ACTIVE',NULL,NULL,'b2ff78de50824e44812817b78cbf96de',NULL,'NA',1,12,9),('TEXT',305,'2017-06-13 20:53:51','0807983dd3b34f109fb75756862d4a72','ACTIVE',NULL,NULL,'8047ce13b111457d8e7b1020d416a093',NULL,'NA',1,12,10),('TEXT',306,'2017-06-13 20:53:51','0807983dd3b34f109fb75756862d4a72','ACTIVE',NULL,NULL,'71285dae631c429eb8843ccf16d6c37d',NULL,'COMPETENTE',1,12,11),('TEXT',307,'2017-06-13 20:53:51','0807983dd3b34f109fb75756862d4a72','ACTIVE',NULL,NULL,'0272b81b109942628472844431b24fdc',NULL,'COMPETENTE',1,12,12),('TEXT',308,'2017-06-13 20:53:51','0807983dd3b34f109fb75756862d4a72','ACTIVE',NULL,NULL,'b827e70932de44c1bc29aacdf9e2fdae',NULL,'COMPETENTE',1,12,13),('TEXT',309,'2017-06-13 20:53:51','0807983dd3b34f109fb75756862d4a72','ACTIVE',NULL,NULL,'78f36c326f0f4633bd0aa548bda3212f',NULL,'COMPETENTE',1,12,14),('TEXT',310,'2017-06-13 20:53:51','0807983dd3b34f109fb75756862d4a72','ACTIVE',NULL,NULL,'ed13c408e005451083b3e6d961ec7b84',NULL,'COMPETENTE',1,12,15),('TEXT',311,'2017-06-13 20:53:51','0807983dd3b34f109fb75756862d4a72','ACTIVE',NULL,NULL,'848a159b20594ae59b8fd6f0a5bb2c34',NULL,'COMPETENTE',1,12,16),('TEXT',312,'2017-06-13 20:53:51','0807983dd3b34f109fb75756862d4a72','ACTIVE',NULL,NULL,'5d6eacde5f7f405eaf0a2fb2e43b0a20',NULL,'COMPETENTE',1,12,17),('TEXT',313,'2017-06-13 20:53:51','0807983dd3b34f109fb75756862d4a72','ACTIVE',NULL,NULL,'d79b2227effa4b5d80a57d0d54d170cd',NULL,'COMPETENTE',1,12,18),('TEXT',314,'2017-06-13 20:53:51','0807983dd3b34f109fb75756862d4a72','ACTIVE',NULL,NULL,'097376ecc81f46f7a89f63c09ace12da',NULL,'COMPETENTE',1,12,19),('TEXT',315,'2017-06-13 20:53:51','0807983dd3b34f109fb75756862d4a72','ACTIVE',NULL,NULL,'4197f4b9d0a64de7bac7b5f6f67cf103',NULL,'COMPETENTE',1,12,20),('TEXT',316,'2017-06-13 20:53:51','0807983dd3b34f109fb75756862d4a72','ACTIVE',NULL,NULL,'bb418b989aa94e808c353b1055dc6267',NULL,'COMPETENTE',1,12,21),('TEXT',317,'2017-06-13 20:53:51','0807983dd3b34f109fb75756862d4a72','ACTIVE',NULL,NULL,'9590f1aa80ad4bc78fb8ddc1184b1c2a',NULL,'COMPETENTE',1,12,22),('TEXT',318,'2017-06-13 20:53:51','0807983dd3b34f109fb75756862d4a72','ACTIVE',NULL,NULL,'cf8cd738d6904cfc8dd891d58db6b5bf',NULL,'COMPETENTE',1,12,23),('TEXT',319,'2017-06-13 20:53:51','0807983dd3b34f109fb75756862d4a72','ACTIVE',NULL,NULL,'f4e6a5551d4641379c312a19cdbde6b1',NULL,'COMPETENTE',1,12,24),('TEXT',320,'2017-06-13 20:53:51','0807983dd3b34f109fb75756862d4a72','ACTIVE',NULL,NULL,'5d3a097930684ec98de0061a128f2cca',NULL,'NA',1,12,25),('TEXT',321,'2017-06-13 20:53:51','0807983dd3b34f109fb75756862d4a72','ACTIVE',NULL,NULL,'f605c3d0f1694f4d9fd6c81d07564c31',NULL,'NA',1,12,26),('TEXT',322,'2017-06-13 20:53:51','0807983dd3b34f109fb75756862d4a72','ACTIVE',NULL,NULL,'99d4e555fadf4adc99f1c165cee21aef',NULL,'NA',1,13,1),('TEXT',323,'2017-06-13 20:53:51','0807983dd3b34f109fb75756862d4a72','ACTIVE',NULL,NULL,'d683b0e149e343bd948a17262456ac05',NULL,'NAO SATISFATORIO',1,13,2),('TEXT',324,'2017-06-13 20:53:51','0807983dd3b34f109fb75756862d4a72','ACTIVE',NULL,NULL,'961e2865ad6e48278ee50e88f6670826',NULL,'NAO SATISFATORIO',1,13,3),('TEXT',325,'2017-06-13 20:53:51','0807983dd3b34f109fb75756862d4a72','ACTIVE',NULL,NULL,'a1aca575a2f34b9c893ab997ecd99c32',NULL,'NAO SATISFATORIO',1,13,4),('TEXT',326,'2017-06-13 20:53:51','0807983dd3b34f109fb75756862d4a72','ACTIVE',NULL,NULL,'80ff8135338e44eea5aa36a51498c925',NULL,'NAO SATISFATORIO',1,13,5),('TEXT',327,'2017-06-13 20:53:51','0807983dd3b34f109fb75756862d4a72','ACTIVE',NULL,NULL,'07faf4f8cb964c42b24b0be4d322d969',NULL,'COMPETENTE',1,13,6),('TEXT',328,'2017-06-13 20:53:51','0807983dd3b34f109fb75756862d4a72','ACTIVE',NULL,NULL,'97a2ce73e2974d069d945ba5d39e0ae8',NULL,'COMPETENTE',1,13,7),('TEXT',329,'2017-06-13 20:53:51','0807983dd3b34f109fb75756862d4a72','ACTIVE',NULL,NULL,'bc39bf99cb0040ac83b478237f020050',NULL,'COMPETENTE',1,13,8),('TEXT',330,'2017-06-13 20:53:51','0807983dd3b34f109fb75756862d4a72','ACTIVE',NULL,NULL,'4bf016bf0a0046cda47ba3d8cafbc2a3',NULL,'COMPETENTE',1,13,9),('TEXT',331,'2017-06-13 20:53:51','0807983dd3b34f109fb75756862d4a72','ACTIVE',NULL,NULL,'16855d6501364ed8929a3669e246e777',NULL,'COMPETENTE',1,13,10),('TEXT',332,'2017-06-13 20:53:51','0807983dd3b34f109fb75756862d4a72','ACTIVE',NULL,NULL,'1c71c63031f4491b816743c674b7afc6',NULL,'COMPETENTE',1,13,11),('TEXT',333,'2017-06-13 20:53:51','0807983dd3b34f109fb75756862d4a72','ACTIVE',NULL,NULL,'bf388c08d807461689e7d785eea2849c',NULL,'COMPETENTE',1,13,12),('TEXT',334,'2017-06-13 20:53:51','0807983dd3b34f109fb75756862d4a72','ACTIVE',NULL,NULL,'5f6a1bfb86424e46abb056360ad44ad0',NULL,'COMPETENTE',1,13,13),('TEXT',335,'2017-06-13 20:53:51','0807983dd3b34f109fb75756862d4a72','ACTIVE',NULL,NULL,'49d5053aa19f45e4b9f0076737d0b82f',NULL,'COMPETENTE',1,13,14),('TEXT',336,'2017-06-13 20:53:51','0807983dd3b34f109fb75756862d4a72','ACTIVE',NULL,NULL,'a6c22a91c94e485ab6ad42a44d7d4864',NULL,'COMPETENTE',1,13,15),('TEXT',337,'2017-06-13 20:53:51','0807983dd3b34f109fb75756862d4a72','ACTIVE',NULL,NULL,'54683d514ff343d39642af28ad35d27d',NULL,'COMPETENTE',1,13,16),('TEXT',338,'2017-06-13 20:53:51','0807983dd3b34f109fb75756862d4a72','ACTIVE',NULL,NULL,'4aae5f5ceb004978b6c3ce3e1d855bc4',NULL,'COMPETENTE',1,13,17),('TEXT',339,'2017-06-13 20:53:51','0807983dd3b34f109fb75756862d4a72','ACTIVE',NULL,NULL,'d7d7eee176df443e884334dd524a56d1',NULL,'COMPETENTE',1,13,18),('TEXT',340,'2017-06-13 20:53:51','0807983dd3b34f109fb75756862d4a72','ACTIVE',NULL,NULL,'a6c7ad099b754869a51bf110ccc8d066',NULL,'COMPETENTE',1,13,19),('TEXT',341,'2017-06-13 20:53:51','0807983dd3b34f109fb75756862d4a72','ACTIVE',NULL,NULL,'ba8004c9ccdc4ced92e0d3272bfcdd71',NULL,'COMPETENTE',1,13,20),('TEXT',342,'2017-06-13 20:53:51','0807983dd3b34f109fb75756862d4a72','ACTIVE',NULL,NULL,'30cf8330b5194c66bc9b8a0cc5f7fb3f',NULL,'COMPETENTE',1,13,21),('TEXT',343,'2017-06-13 20:53:51','0807983dd3b34f109fb75756862d4a72','ACTIVE',NULL,NULL,'9fba712037b546d0b8d3db4b215f2997',NULL,'NAO SATISFATORIO',1,13,22),('TEXT',344,'2017-06-13 20:53:51','0807983dd3b34f109fb75756862d4a72','ACTIVE',NULL,NULL,'9009d8fd85294da3a8f320f72f0f4e10',NULL,'COMPETENTE',1,13,23),('TEXT',345,'2017-06-13 20:53:51','0807983dd3b34f109fb75756862d4a72','ACTIVE',NULL,NULL,'ab45f56ba75c443ea828352a8984625a',NULL,'COMPETENTE',1,13,24),('TEXT',346,'2017-06-13 20:53:51','0807983dd3b34f109fb75756862d4a72','ACTIVE',NULL,NULL,'216e447a6f1b4779a600084d48ffc829',NULL,'NA',1,13,25),('TEXT',347,'2017-06-13 20:53:51','0807983dd3b34f109fb75756862d4a72','ACTIVE',NULL,NULL,'d101e513081440d1aa33a4f027d8f245',NULL,'NAO SATISFATORIO',1,13,26);
/*!40000 ALTER TABLE `ANSWERS` ENABLE KEYS */;
UNLOCK TABLES;

--
-- Table structure for table `CARRERS`
--

DROP TABLE IF EXISTS `CARRERS`;
/*!40101 SET @saved_cs_client     = @@character_set_client */;
/*!40101 SET character_set_client = utf8 */;
CREATE TABLE `CARRERS` (
  `ID` bigint(20) NOT NULL AUTO_INCREMENT,
  `CREATED_AT` datetime NOT NULL,
  `CREATED_BY` varchar(50) NOT NULL,
  `LIFE_CYCLE_STATUS` varchar(100) NOT NULL,
  `UPDATED_AT` datetime DEFAULT NULL,
  `UPDATED_BY` varchar(50) DEFAULT NULL,
  `UUID` varchar(50) NOT NULL,
  `CARRER_TYPE` varchar(50) NOT NULL,
  `POSITION` varchar(80) NOT NULL,
  PRIMARY KEY (`ID`)
) ENGINE=InnoDB AUTO_INCREMENT=90 DEFAULT CHARSET=latin1;
/*!40101 SET character_set_client = @saved_cs_client */;

--
-- Dumping data for table `CARRERS`
--

LOCK TABLES `CARRERS` WRITE;
/*!40000 ALTER TABLE `CARRERS` DISABLE KEYS */;
INSERT INTO `CARRERS` VALUES (1,'2017-05-29 23:44:42','682eb67387a84d54b9adf93247aefb55','ACTIVE',NULL,NULL,'c7d73e723a944d43b3a662e3495945de','HEALTH_TECHNICAL_ASSISTANT','Agente de administrao hospitalar'),(2,'2017-05-29 23:44:42','682eb67387a84d54b9adf93247aefb55','ACTIVE',NULL,NULL,'5ffe4583f5e744719802e146f097d917','HEALTH_TECHNICAL_ASSISTANT','Enfermeiro'),(3,'2017-05-29 23:44:42','682eb67387a84d54b9adf93247aefb55','ACTIVE',NULL,NULL,'0aa86ea8fa194d1eacc84cc3832dbfb1','HEALTH_TECHNICAL_ASSISTANT','Enfermeiro de sade materno-infantil'),(4,'2017-05-29 23:44:42','682eb67387a84d54b9adf93247aefb55','ACTIVE',NULL,NULL,'6572708886a74da98a758ee22d2eb089','HEALTH_TECHNICAL_ASSISTANT','Agente de farmcia'),(5,'2017-05-29 23:44:42','682eb67387a84d54b9adf93247aefb55','ACTIVE',NULL,NULL,'672c62e7cb8f4af28f3815f8a281cef7','HEALTH_TECHNICAL_ASSISTANT','Agente de laboratrio'),(6,'2017-05-29 23:44:42','682eb67387a84d54b9adf93247aefb55','ACTIVE',NULL,NULL,'d93100a1db6944a89726d6202125a949','HEALTH_TECHNICAL_ASSISTANT','Agente de medicina'),(7,'2017-05-29 23:44:42','682eb67387a84d54b9adf93247aefb55','ACTIVE',NULL,NULL,'d8d03380132840b3ab20e2b337e59f58','HEALTH_TECHNICAL_ASSISTANT','Agente de medicina fsica e reabilitao'),(8,'2017-05-29 23:44:42','682eb67387a84d54b9adf93247aefb55','ACTIVE',NULL,NULL,'14f089febf2444678198f097b77da90e','HEALTH_TECHNICAL_ASSISTANT','Agente de medicina preventiva '),(9,'2017-05-29 23:44:42','682eb67387a84d54b9adf93247aefb55','ACTIVE',NULL,NULL,'eba46d4490c44f2d97bef82f17aee0f6','HEALTH_TECHNICAL_ASSISTANT','Agente de nutrio'),(10,'2017-05-29 23:44:42','682eb67387a84d54b9adf93247aefb55','ACTIVE',NULL,NULL,'d72474096b0642da942d8b86ca1d0295','HEALTH_TECHNICAL_ASSISTANT','Agente de Estomatologia'),(11,'2017-05-29 23:44:42','682eb67387a84d54b9adf93247aefb55','ACTIVE',NULL,NULL,'415d909f68bc4610a2d778b30aa3a6d5','HEALTH_TECHNICAL_ASSISTANT','Agente De Ortoprotesia'),(12,'2017-05-29 23:44:42','682eb67387a84d54b9adf93247aefb55','ACTIVE',NULL,NULL,'39af2e34f0234e6b918d6c07525ec259','HEALTH_TECHNICAL_ASSISTANT','Agente de electromedicina'),(13,'2017-05-29 23:44:42','682eb67387a84d54b9adf93247aefb55','ACTIVE',NULL,NULL,'6f6f8de1574643f19ed8bc46de6b53aa','HEALTH_TECHNICAL_ASSISTANT','Agente de Radiologia'),(14,'2017-05-29 23:44:42','682eb67387a84d54b9adf93247aefb55','ACTIVE',NULL,NULL,'28875173e1e04b079251794385d67249','ADMINISTRATIVE_ASSISTANT','Auxiliar tcnico de laboratrio'),(15,'2017-05-29 23:44:42','682eb67387a84d54b9adf93247aefb55','ACTIVE',NULL,NULL,'a0de463792c84aea8cdd0b4ac8616c17','HEALTH_TECHNICIAN_AUXILIARY','Enfermeiro elementar'),(16,'2017-05-29 23:44:42','682eb67387a84d54b9adf93247aefb55','ACTIVE',NULL,NULL,'a2d523d84b8049feb653a5a8d039a6b0','HEALTH_TECHNICIAN_AUXILIARY','Parteira elementar'),(17,'2017-05-29 23:44:42','682eb67387a84d54b9adf93247aefb55','ACTIVE',NULL,NULL,'ad973b99f5ce428aa12f24ac5620bbfb','HEALTH_TECHNICIAN_AUXILIARY','Auxiliar de farmcia'),(18,'2017-05-29 23:44:42','682eb67387a84d54b9adf93247aefb55','ACTIVE',NULL,NULL,'6e237cef79df4e8398e206d4a5f5d381','HEALTH_TECHNICIAN_AUXILIARY','Microscopista'),(19,'2017-05-29 23:44:42','682eb67387a84d54b9adf93247aefb55','ACTIVE',NULL,NULL,'c4c4769709d54779b6b43bc6209ee50a','HEALTH_TECHNICIAN_AUXILIARY','Auxiliar de reabilitao'),(20,'2017-05-29 23:44:42','682eb67387a84d54b9adf93247aefb55','ACTIVE',NULL,NULL,'95925b8d00684d6c9dc9ec7ead8a37a9','HEALTH_TECHNICIAN_AUXILIARY','Auxiliar tcnico de odontoestomatologia'),(21,'2017-05-29 23:44:42','682eb67387a84d54b9adf93247aefb55','ACTIVE',NULL,NULL,'dae01b5bf30548d486f2cf07c74b4fb8','HEALTH_TECHNICIAN_AUXILIARY','Auxiliar Oculista'),(22,'2017-05-29 23:44:42','682eb67387a84d54b9adf93247aefb55','ACTIVE',NULL,NULL,'69f3b85d1d94483f9f7b3f59fcc99bc9','HEALTH_TECHNICIAN_AUXILIARY','Auxiliar tcnico de electromedicina'),(23,'2017-05-29 23:44:42','682eb67387a84d54b9adf93247aefb55','ACTIVE',NULL,NULL,'15bbde604e4c4722a14f7f06f31adcb5','HEALTH_SPECIALIST','Especialista de Sade'),(24,'2017-05-29 23:44:42','682eb67387a84d54b9adf93247aefb55','ACTIVE',NULL,NULL,'15d32b48e1a94bb199c5e9b5b6fe672d','MEDICAL_PUBLIC_HEALTH','Mdico de Sade Pblica Assistente'),(25,'2017-05-29 23:44:42','682eb67387a84d54b9adf93247aefb55','ACTIVE',NULL,NULL,'4db967553390408085191236a22ae8d3','MEDICAL_GENERALIST','Mdica Generalista Principal'),(26,'2017-05-29 23:44:42','682eb67387a84d54b9adf93247aefb55','ACTIVE',NULL,NULL,'03449592df2c40cc90906576ea8e2bd4','MEDICAL_HOSPITAL','Mdica Hospitalar Assistente'),(27,'2017-05-29 23:44:42','682eb67387a84d54b9adf93247aefb55','ACTIVE',NULL,NULL,'6f26905936f44a2cb15de10ecbd41949','HEALTH_TECHNICIAN','Tcnico de administrao hospitalar'),(28,'2017-05-29 23:44:42','682eb67387a84d54b9adf93247aefb55','ACTIVE',NULL,NULL,'4cfd3b9d3e8c417fb0425cf9ff0b47f8','HEALTH_TECHNICIAN','Tcnico de anestesiologia'),(29,'2017-05-29 23:44:42','682eb67387a84d54b9adf93247aefb55','ACTIVE',NULL,NULL,'c06de0ee00a444e78af3c599b5c6c569','HEALTH_TECHNICIAN','Enfermeiro'),(30,'2017-05-29 23:44:42','682eb67387a84d54b9adf93247aefb55','ACTIVE',NULL,NULL,'548f37b980074f2a885e3928b948b601','HEALTH_TECHNICIAN','Enfermeiro de sade materno infantil'),(31,'2017-05-29 23:44:42','682eb67387a84d54b9adf93247aefb55','ACTIVE',NULL,NULL,'a94f708573e84df6b74b3b676a6953bd','HEALTH_TECHNICIAN','Tcnico de estatstica sanitria'),(32,'2017-05-29 23:44:42','682eb67387a84d54b9adf93247aefb55','ACTIVE',NULL,NULL,'e623d780d62648e3921d676a246e99f9','HEALTH_TECHNICIAN','Tcnico de farmcia'),(33,'2017-05-29 23:44:42','682eb67387a84d54b9adf93247aefb55','ACTIVE',NULL,NULL,'02c1665199ca4a3cbcbcd716998c3205','HEALTH_TECHNICIAN','Tcnico de instrumentao'),(34,'2017-05-29 23:44:42','682eb67387a84d54b9adf93247aefb55','ACTIVE',NULL,NULL,'b34759759d9943cbac735ca2fc6e4aa2','HEALTH_TECHNICIAN','Tcnico de laboratrio'),(35,'2017-05-29 23:44:42','682eb67387a84d54b9adf93247aefb55','ACTIVE',NULL,NULL,'9fcb2e310627422ba8413ec55e15e301','HEALTH_TECHNICIAN','Tcnico de medicina'),(36,'2017-05-29 23:44:42','682eb67387a84d54b9adf93247aefb55','ACTIVE',NULL,NULL,'6d4992abe4da4fb1b94630f3ac267aa0','HEALTH_TECHNICIAN','Tcnico de medicina fsica e reabilitao'),(37,'2017-05-29 23:44:42','682eb67387a84d54b9adf93247aefb55','ACTIVE',NULL,NULL,'663869fafd624717806c0311df49c9d3','HEALTH_TECHNICIAN','Tcnico de medicina preventiva'),(38,'2017-05-29 23:44:42','682eb67387a84d54b9adf93247aefb55','ACTIVE',NULL,NULL,'ae06ff0a063a4e86be0d87b08fb019e2','HEALTH_TECHNICIAN','Tcnico de nutrio'),(39,'2017-05-29 23:44:42','682eb67387a84d54b9adf93247aefb55','ACTIVE',NULL,NULL,'a77eafdef42c4d67b9e9fede6f16765c','HEALTH_TECHNICIAN','Tcnico de odontoestomatologia'),(40,'2017-05-29 23:44:42','682eb67387a84d54b9adf93247aefb55','ACTIVE',NULL,NULL,'891095f5690247af9d146eefea17ee5b','HEALTH_TECHNICIAN','Tcnico de oftalmologia'),(41,'2017-05-29 23:44:42','682eb67387a84d54b9adf93247aefb55','ACTIVE',NULL,NULL,'e66956eabba7400e8d34e71d5f1a6b13','HEALTH_TECHNICIAN','Tcnico de prtese'),(42,'2017-05-29 23:44:42','682eb67387a84d54b9adf93247aefb55','ACTIVE',NULL,NULL,'a3d3f9fcf6a74c2f9b4a6b733303e468','HEALTH_TECHNICIAN','Tcnico de otorrinolaringologia'),(43,'2017-05-29 23:44:42','682eb67387a84d54b9adf93247aefb55','ACTIVE',NULL,NULL,'328e31c5e18143aaada73b272191f589','HEALTH_TECHNICIAN','Tcnico de electromedicina'),(44,'2017-05-29 23:44:42','682eb67387a84d54b9adf93247aefb55','ACTIVE',NULL,NULL,'387374d34eea49f08e60da3f0afe60f1','HEALTH_TECHNICIAN','Tcnico de psiquiatria e sade mental '),(45,'2017-05-29 23:44:42','682eb67387a84d54b9adf93247aefb55','ACTIVE',NULL,NULL,'d5769248dbc348b7bdb0d94b26e8c084','HEALTH_TECHNICIAN','Tcnico de radiologia'),(46,'2017-05-29 23:44:42','682eb67387a84d54b9adf93247aefb55','ACTIVE',NULL,NULL,'33070c13841b496594b8b4a5e4307311','HEALTH_TECHNICIAL_SPECIALIST','Tcnico de administrao hospitalar'),(47,'2017-05-29 23:44:42','682eb67387a84d54b9adf93247aefb55','ACTIVE',NULL,NULL,'b3735691b3f446968940efc5a5501f18','HEALTH_TECHNICIAL_SPECIALIST','Tcnico de anestesiologia'),(48,'2017-05-29 23:44:42','682eb67387a84d54b9adf93247aefb55','ACTIVE',NULL,NULL,'912c38e481d04d7ba1ce8168f2a12843','HEALTH_TECHNICIAL_SPECIALIST','Tcnico de cirurgia'),(49,'2017-05-29 23:44:42','682eb67387a84d54b9adf93247aefb55','ACTIVE',NULL,NULL,'9ecb925b4fad4f3394fa9f16d4847e03','HEALTH_TECHNICIAL_SPECIALIST','Enfermeiro geral '),(50,'2017-05-29 23:44:42','682eb67387a84d54b9adf93247aefb55','ACTIVE',NULL,NULL,'7b7b37f9e7c1419b998848cb272c57d7','HEALTH_TECHNICIAL_SPECIALIST','Enfermeiro de sade materno infantil'),(51,'2017-05-29 23:44:42','682eb67387a84d54b9adf93247aefb55','ACTIVE',NULL,NULL,'cc66736be37945d2a18e89c005ca5f9e','HEALTH_TECHNICIAL_SPECIALIST','Tcnico de farmcia'),(52,'2017-05-29 23:44:42','682eb67387a84d54b9adf93247aefb55','ACTIVE',NULL,NULL,'8a1f1516a0ec4811bd1046a1e44ba090','HEALTH_TECHNICIAL_SPECIALIST','Tcnico de instrumentao'),(53,'2017-05-29 23:44:42','682eb67387a84d54b9adf93247aefb55','ACTIVE',NULL,NULL,'4e12e555621b49a38ed06b6ce5d925cd','HEALTH_TECHNICIAL_SPECIALIST','Tcnico de laboratrio'),(54,'2017-05-29 23:44:42','682eb67387a84d54b9adf93247aefb55','ACTIVE',NULL,NULL,'4c964324d634471ab79dc19e17648634','HEALTH_TECHNICIAL_SPECIALIST','Tcnico de medicina'),(55,'2017-05-29 23:44:42','682eb67387a84d54b9adf93247aefb55','ACTIVE',NULL,NULL,'b6f5c594bcd9421eb1548a1ecf027eb6','HEALTH_TECHNICIAL_SPECIALIST','Tcnico de medicina fsica e reabilitao'),(56,'2017-05-29 23:44:42','682eb67387a84d54b9adf93247aefb55','ACTIVE',NULL,NULL,'a2d2184779f647b6beda5f5ac742191e','HEALTH_TECHNICIAL_SPECIALIST','Tcnico de medicina preventiva'),(57,'2017-05-29 23:44:42','682eb67387a84d54b9adf93247aefb55','ACTIVE',NULL,NULL,'4bb9396b736445dba88c007194f4b06e','HEALTH_TECHNICIAL_SPECIALIST','Tcnico de odontoestomatologia'),(58,'2017-05-29 23:44:42','682eb67387a84d54b9adf93247aefb55','ACTIVE',NULL,NULL,'0a21d506e45f4b13a68096c030256a1e','HEALTH_TECHNICIAL_SPECIALIST','Tcnico de oftalmologia'),(59,'2017-05-29 23:44:42','682eb67387a84d54b9adf93247aefb55','ACTIVE',NULL,NULL,'d068eecf4a1444469213ea07acb86d2e','HEALTH_TECHNICIAL_SPECIALIST','Tcnico de psiquiatria e sade mental'),(60,'2017-05-29 23:44:42','682eb67387a84d54b9adf93247aefb55','ACTIVE',NULL,NULL,'6f55b632a2d5471894a75d39c3da389b','HEALTH_TECHNICIAL_SPECIALIST','Tcnico de radiologia'),(61,'2017-05-29 23:44:42','682eb67387a84d54b9adf93247aefb55','ACTIVE',NULL,NULL,'b1a6eb71171d4c6dab8fb17b39518ac1','HEALTH_ASSOCIATE_DEGREE_N1','Tcnico de administrao hospitalar A'),(62,'2017-05-29 23:44:42','682eb67387a84d54b9adf93247aefb55','ACTIVE',NULL,NULL,'bf41f9c619a1404bba60cb5563a64ded','HEALTH_ASSOCIATE_DEGREE_N1','Anestesita A'),(63,'2017-05-29 23:44:42','682eb67387a84d54b9adf93247aefb55','ACTIVE',NULL,NULL,'3abbb28adf6843c3bbc65e8ea59f4aaa','HEALTH_ASSOCIATE_DEGREE_N1','Tcnico de cirurgia A'),(64,'2017-05-29 23:44:42','682eb67387a84d54b9adf93247aefb55','ACTIVE',NULL,NULL,'1c51e4ae867d40c2a066fd00b7f1e1e7','HEALTH_ASSOCIATE_DEGREE_N1','Enfermeiro A'),(65,'2017-05-29 23:44:42','682eb67387a84d54b9adf93247aefb55','ACTIVE',NULL,NULL,'6f3da50874a14bdb85a0036dbec103c3','HEALTH_ASSOCIATE_DEGREE_N1','Enfermeiro de SMI A'),(66,'2017-05-29 23:44:42','682eb67387a84d54b9adf93247aefb55','ACTIVE',NULL,NULL,'47e2c8baf30446cca206c584a3bb60d4','HEALTH_ASSOCIATE_DEGREE_N1','Farmacutico A'),(67,'2017-05-29 23:44:42','682eb67387a84d54b9adf93247aefb55','ACTIVE',NULL,NULL,'f31840c6355f4526a65eaa9b32db1fca','HEALTH_ASSOCIATE_DEGREE_N1','Tcnico de laboratrio A'),(68,'2017-05-29 23:44:42','682eb67387a84d54b9adf93247aefb55','ACTIVE',NULL,NULL,'f5c127646c004bab90301847f9596847','HEALTH_ASSOCIATE_DEGREE_N1','Fisioterapeuta A'),(69,'2017-05-29 23:44:42','682eb67387a84d54b9adf93247aefb55','ACTIVE',NULL,NULL,'6384899cbfcd48a686e2cfe8714b2c70','HEALTH_ASSOCIATE_DEGREE_N1','Tcnico de saude publica A'),(70,'2017-05-29 23:44:42','682eb67387a84d54b9adf93247aefb55','ACTIVE',NULL,NULL,'547a67262fad42a5af6729e818ac46c9','HEALTH_ASSOCIATE_DEGREE_N1','Nutricionista A'),(71,'2017-05-29 23:44:42','682eb67387a84d54b9adf93247aefb55','ACTIVE',NULL,NULL,'0fed58fac8e34ce88c5131745d948245','HEALTH_ASSOCIATE_DEGREE_N1','Odontoestomatologista A'),(72,'2017-05-29 23:44:42','682eb67387a84d54b9adf93247aefb55','ACTIVE',NULL,NULL,'ca523eaee7814faf91692be8958223c6','HEALTH_ASSOCIATE_DEGREE_N1','Tcnico de prtese A'),(73,'2017-05-29 23:44:42','682eb67387a84d54b9adf93247aefb55','ACTIVE',NULL,NULL,'548f0840bc3f4529be7d7165dd157dcb','HEALTH_ASSOCIATE_DEGREE_N1','Psicologo clinico A'),(74,'2017-05-29 23:44:42','682eb67387a84d54b9adf93247aefb55','ACTIVE',NULL,NULL,'bb9a6720a42c4a9882d7f92c40d2e5c5','HEALTH_ASSOCIATE_DEGREE_N1','Tcnico de Radiologia A'),(75,'2017-05-29 23:44:42','682eb67387a84d54b9adf93247aefb55','ACTIVE',NULL,NULL,'eb70aef1de6545ab9986be04716a325a','HEALTH_ASSOCIATE_DEGREE_N2','Anestesita B'),(76,'2017-05-29 23:44:42','682eb67387a84d54b9adf93247aefb55','ACTIVE',NULL,NULL,'ae815070afe945bcaf4d2ca8d4944fe9','HEALTH_ASSOCIATE_DEGREE_N2','Tcnico de cirurgia B'),(77,'2017-05-29 23:44:42','682eb67387a84d54b9adf93247aefb55','ACTIVE',NULL,NULL,'5693d15fcf8447e08270a08925ff4c7b','HEALTH_ASSOCIATE_DEGREE_N2','Enfermeiro B'),(78,'2017-05-29 23:44:42','682eb67387a84d54b9adf93247aefb55','ACTIVE',NULL,NULL,'28a48fecc58145d189c99ce627249621','HEALTH_ASSOCIATE_DEGREE_N2','Enfermeiro de SMI B'),(79,'2017-05-29 23:44:42','682eb67387a84d54b9adf93247aefb55','ACTIVE',NULL,NULL,'7cc670bb24e440ef89f4d454f63d198c','HEALTH_ASSOCIATE_DEGREE_N2','Farmacutico B'),(80,'2017-05-29 23:44:42','682eb67387a84d54b9adf93247aefb55','ACTIVE',NULL,NULL,'05b5689e7eb144fb925f1580c3c69674','HEALTH_ASSOCIATE_DEGREE_N2','Tcnico de instrumentao B'),(81,'2017-05-29 23:44:42','682eb67387a84d54b9adf93247aefb55','ACTIVE',NULL,NULL,'0677bfc028a645c58fbf022e97de2830','HEALTH_ASSOCIATE_DEGREE_N2','Tecnico De Laboratorio B'),(82,'2017-05-29 23:44:42','682eb67387a84d54b9adf93247aefb55','ACTIVE',NULL,NULL,'e200ca14b9eb4c8d84ce09322e07122f','HEALTH_ASSOCIATE_DEGREE_N2','Tcnico de medicina B'),(83,'2017-05-29 23:44:42','682eb67387a84d54b9adf93247aefb55','ACTIVE',NULL,NULL,'b26295d790b44982b60ff18cedd15c3f','HEALTH_ASSOCIATE_DEGREE_N2','Fisioterapeuta B'),(84,'2017-05-29 23:44:42','682eb67387a84d54b9adf93247aefb55','ACTIVE',NULL,NULL,'a2c74ea9471b48a7b6afcd2ea666a478','HEALTH_ASSOCIATE_DEGREE_N2','Tcnico de medicina preventiva B'),(85,'2017-05-29 23:44:42','682eb67387a84d54b9adf93247aefb55','ACTIVE',NULL,NULL,'60c19b502b95433984f6f45d57a9add8','HEALTH_ASSOCIATE_DEGREE_N2','Tcnico de nutrio B'),(86,'2017-05-29 23:44:42','682eb67387a84d54b9adf93247aefb55','ACTIVE',NULL,NULL,'ea3dc9a38b854854bcd698ef6f16256a','HEALTH_ASSOCIATE_DEGREE_N2','Odontoestomatologista B'),(87,'2017-05-29 23:44:42','682eb67387a84d54b9adf93247aefb55','ACTIVE',NULL,NULL,'961d85a97d0a4781b5fdc83af4a97a92','HEALTH_ASSOCIATE_DEGREE_N2','Tcnico de prtese B'),(88,'2017-05-29 23:44:42','682eb67387a84d54b9adf93247aefb55','ACTIVE',NULL,NULL,'67c616d045c74318baa0360b99bd25bc','HEALTH_ASSOCIATE_DEGREE_N2','Psicologo clinico A'),(89,'2017-05-29 23:44:42','682eb67387a84d54b9adf93247aefb55','ACTIVE',NULL,NULL,'f81513f475794c04a452b5eeef100f60','HEALTH_ASSOCIATE_DEGREE_N2','Tcnico de Radiologia A');
/*!40000 ALTER TABLE `CARRERS` ENABLE KEYS */;
UNLOCK TABLES;

--
-- Table structure for table `DISTRICTS`
--

DROP TABLE IF EXISTS `DISTRICTS`;
/*!40101 SET @saved_cs_client     = @@character_set_client */;
/*!40101 SET character_set_client = utf8 */;
CREATE TABLE `DISTRICTS` (
  `ID` bigint(20) NOT NULL AUTO_INCREMENT,
  `CREATED_AT` datetime NOT NULL,
  `CREATED_BY` varchar(50) NOT NULL,
  `LIFE_CYCLE_STATUS` varchar(100) NOT NULL,
  `UPDATED_AT` datetime DEFAULT NULL,
  `UPDATED_BY` varchar(50) DEFAULT NULL,
  `UUID` varchar(50) NOT NULL,
  `DISTRICT` varchar(50) NOT NULL,
  `PROVINCE` varchar(30) NOT NULL,
  PRIMARY KEY (`ID`)
) ENGINE=InnoDB AUTO_INCREMENT=15 DEFAULT CHARSET=latin1;
/*!40101 SET character_set_client = @saved_cs_client */;

--
-- Dumping data for table `DISTRICTS`
--

LOCK TABLES `DISTRICTS` WRITE;
/*!40000 ALTER TABLE `DISTRICTS` DISABLE KEYS */;
INSERT INTO `DISTRICTS` VALUES (1,'2017-05-29 23:44:42','682eb67387a84d54b9adf93247aefb55','ACTIVE',NULL,NULL,'42d51a33f6b14ae18ede79424caaaa32','Alto Molocu','ZAMBEZIA'),(2,'2017-05-29 23:44:42','682eb67387a84d54b9adf93247aefb55','ACTIVE',NULL,NULL,'4f0429402b874965abc4075d69a8f467','Chinde','ZAMBEZIA'),(3,'2017-05-29 23:44:42','682eb67387a84d54b9adf93247aefb55','ACTIVE',NULL,NULL,'63f883e3abe04d239d3d97d6b5c6d961','Derre','ZAMBEZIA'),(4,'2017-05-29 23:44:42','682eb67387a84d54b9adf93247aefb55','ACTIVE',NULL,NULL,'a5f7577d654f487f8b4ebc6da1618804','Gil','ZAMBEZIA'),(5,'2017-05-29 23:44:42','682eb67387a84d54b9adf93247aefb55','ACTIVE',NULL,NULL,'c07de02e47b94371a49784c21a65cc5c','Ile','ZAMBEZIA'),(6,'2017-05-29 23:44:42','682eb67387a84d54b9adf93247aefb55','ACTIVE',NULL,NULL,'13ebdc9e072e44df9f8a229b617e2b46','Inhassunge','ZAMBEZIA'),(7,'2017-05-29 23:44:42','682eb67387a84d54b9adf93247aefb55','ACTIVE',NULL,NULL,'5bf58df1af664ca884f5219cde358f46','Luabo','ZAMBEZIA'),(8,'2017-05-29 23:44:42','682eb67387a84d54b9adf93247aefb55','ACTIVE',NULL,NULL,'156f67033d674088895ed0758271aceb','Maganja da Costa','ZAMBEZIA'),(9,'2017-05-29 23:44:42','682eb67387a84d54b9adf93247aefb55','ACTIVE',NULL,NULL,'d207503f03d1405eb869c5166f426efa','Mocubela','ZAMBEZIA'),(10,'2017-05-29 23:44:42','682eb67387a84d54b9adf93247aefb55','ACTIVE',NULL,NULL,'e2481bc0e68a4e00a2df7b9bbdd2339e','Mopeia','ZAMBEZIA'),(11,'2017-05-29 23:44:42','682eb67387a84d54b9adf93247aefb55','ACTIVE',NULL,NULL,'d7d7e7ad1d124d6b987a1629b3223f3b','Morrumbala','ZAMBEZIA'),(12,'2017-05-29 23:44:42','682eb67387a84d54b9adf93247aefb55','ACTIVE',NULL,NULL,'2d80fcb8983b4f99b28098b5b5b88aaa','Mulevala','ZAMBEZIA'),(13,'2017-05-29 23:44:42','682eb67387a84d54b9adf93247aefb55','ACTIVE',NULL,NULL,'6d62ea246c354c8d98c07b15b3bc7a91','Namacurra','ZAMBEZIA'),(14,'2017-05-29 23:44:42','682eb67387a84d54b9adf93247aefb55','ACTIVE',NULL,NULL,'143ba0b57e8940b3bafdd9e9ecf7ec4c','Pebane','ZAMBEZIA');
/*!40000 ALTER TABLE `DISTRICTS` ENABLE KEYS */;
UNLOCK TABLES;

--
-- Table structure for table `FORMS`
--

DROP TABLE IF EXISTS `FORMS`;
/*!40101 SET @saved_cs_client     = @@character_set_client */;
/*!40101 SET character_set_client = utf8 */;
CREATE TABLE `FORMS` (
  `ID` bigint(20) NOT NULL AUTO_INCREMENT,
  `CREATED_AT` datetime NOT NULL,
  `CREATED_BY` varchar(50) NOT NULL,
  `LIFE_CYCLE_STATUS` varchar(100) NOT NULL,
  `UPDATED_AT` datetime DEFAULT NULL,
  `UPDATED_BY` varchar(50) DEFAULT NULL,
  `UUID` varchar(50) NOT NULL,
  `CODE` varchar(50) NOT NULL,
  `DESCRIPTION` varchar(255) NOT NULL,
  `NAME` varchar(150) NOT NULL,
  `PROGRAMMATIC_AREA_ID` bigint(20) NOT NULL,
  PRIMARY KEY (`ID`),
  UNIQUE KEY `UK_jy18kqb3mfw4fqhub2skebd72` (`CODE`),
  KEY `FK_2vshqrp7tdm59cuwkxdmp2iuo` (`PROGRAMMATIC_AREA_ID`),
  CONSTRAINT `FK_2vshqrp7tdm59cuwkxdmp2iuo` FOREIGN KEY (`PROGRAMMATIC_AREA_ID`) REFERENCES `PROGRAMMATIC_AREAS` (`ID`)
) ENGINE=InnoDB AUTO_INCREMENT=4 DEFAULT CHARSET=utf8;
/*!40101 SET character_set_client = @saved_cs_client */;

--
-- Dumping data for table `FORMS`
--

LOCK TABLES `FORMS` WRITE;
/*!40000 ALTER TABLE `FORMS` DISABLE KEYS */;
INSERT INTO `FORMS` VALUES (1,'2017-05-30 11:32:09','f443bbb66fe949558938f3c9a7a32690','ACTIVE',NULL,NULL,'cfcd5ec7c23845adbaa9dd869dc26b01','MT00000001','Este formulrio  para verificar as competncias dos funcionrios que elaboram a o resumo mensal na area do aconselhamento e testagem inciada pelo Provedor','TABELA DE VERIFICAO DAS COMPETNCIAS NO M&E ATIP',1),(2,'2017-05-30 12:03:04','f443bbb66fe949558938f3c9a7a32690','ACTIVE',NULL,NULL,'9de2b44a6f7b438fb0c3b04ea027874c','MT00000002','Este formulrio  para a verificao de competncias dos usurios do OpenMRS','TABELA DE VERIFICAO DAS COMPETNCIAS EM M&E NO OPENMRS',1),(3,'2017-05-30 16:36:24','f443bbb66fe949558938f3c9a7a32690','ACTIVE',NULL,NULL,'9ca4a50a7a3e48ee9f39c018cfd508dc','MT00000003','Formulrio de competncia para profissionais de sade (ESMI)','TABELA DE VERIFICAO DAS COMPETNCIAS EM M&E CPN',1);
/*!40000 ALTER TABLE `FORMS` ENABLE KEYS */;
UNLOCK TABLES;

--
-- Table structure for table `FORMS_QUESTIONS`
--

DROP TABLE IF EXISTS `FORMS_QUESTIONS`;
/*!40101 SET @saved_cs_client     = @@character_set_client */;
/*!40101 SET character_set_client = utf8 */;
CREATE TABLE `FORMS_QUESTIONS` (
  `ID` bigint(20) NOT NULL AUTO_INCREMENT,
  `CREATED_AT` datetime NOT NULL,
  `CREATED_BY` varchar(50) NOT NULL,
  `LIFE_CYCLE_STATUS` varchar(100) NOT NULL,
  `UPDATED_AT` datetime DEFAULT NULL,
  `UPDATED_BY` varchar(50) DEFAULT NULL,
  `UUID` varchar(50) NOT NULL,
  `MANDATORY` bit(1) NOT NULL,
  `FORM_ID` bigint(20) NOT NULL,
  `QUESTION_ID` bigint(20) NOT NULL,
  PRIMARY KEY (`ID`),
  UNIQUE KEY `UK_5gfa1ao9vc4nymq9182408ig4` (`FORM_ID`,`QUESTION_ID`),
  KEY `FK_65y4ka36d6ei0qvtiwq1u0ssk` (`QUESTION_ID`),
  CONSTRAINT `FK_65y4ka36d6ei0qvtiwq1u0ssk` FOREIGN KEY (`QUESTION_ID`) REFERENCES `QUESTIONS` (`ID`),
  CONSTRAINT `FK_jva7738ctlcw665qamwx4is9j` FOREIGN KEY (`FORM_ID`) REFERENCES `FORMS` (`ID`)
) ENGINE=InnoDB AUTO_INCREMENT=88 DEFAULT CHARSET=utf8;
/*!40101 SET character_set_client = @saved_cs_client */;

--
-- Dumping data for table `FORMS_QUESTIONS`
--

LOCK TABLES `FORMS_QUESTIONS` WRITE;
/*!40000 ALTER TABLE `FORMS_QUESTIONS` DISABLE KEYS */;
INSERT INTO `FORMS_QUESTIONS` VALUES (1,'2017-05-30 11:32:09','f443bbb66fe949558938f3c9a7a32690','ACTIVE',NULL,NULL,'56dbc617795b4b7882c992c770179329','\0',1,2),(2,'2017-05-30 11:32:09','f443bbb66fe949558938f3c9a7a32690','ACTIVE',NULL,NULL,'cf4a06848db14f1f9f1c781b0518acbb','\0',1,4),(3,'2017-05-30 11:32:09','f443bbb66fe949558938f3c9a7a32690','ACTIVE',NULL,NULL,'e7907b12facf4232b4bc59867f5cd84c','\0',1,26),(4,'2017-05-30 11:32:09','f443bbb66fe949558938f3c9a7a32690','ACTIVE',NULL,NULL,'9f87499d1fca40b9a557bd69e35ac7c0','\0',1,15),(5,'2017-05-30 11:32:09','f443bbb66fe949558938f3c9a7a32690','ACTIVE',NULL,NULL,'f19c21df5b60492f8ced3e26a51ba22e','\0',1,12),(6,'2017-05-30 11:32:09','f443bbb66fe949558938f3c9a7a32690','ACTIVE',NULL,NULL,'66a3adbaa2a747eb92fe44ac13486663','\0',1,17),(7,'2017-05-30 11:32:09','f443bbb66fe949558938f3c9a7a32690','ACTIVE',NULL,NULL,'db55376a0d954228a4121840035350a9','\0',1,11),(8,'2017-05-30 11:32:09','f443bbb66fe949558938f3c9a7a32690','ACTIVE',NULL,NULL,'68237e985a034ed5ba590663f8753628','\0',1,10),(9,'2017-05-30 11:32:09','f443bbb66fe949558938f3c9a7a32690','ACTIVE',NULL,NULL,'796426df1f3e4800b085bff52c4b86d3','\0',1,20),(10,'2017-05-30 11:32:09','f443bbb66fe949558938f3c9a7a32690','ACTIVE',NULL,NULL,'9fedaaaef86841e783eb142b08afc8f3','\0',1,19),(11,'2017-05-30 11:32:09','f443bbb66fe949558938f3c9a7a32690','ACTIVE',NULL,NULL,'6529453a44f54260bfc8edba12ef5514','\0',1,13),(12,'2017-05-30 11:32:09','f443bbb66fe949558938f3c9a7a32690','ACTIVE',NULL,NULL,'dd3da0b006014fcb85c3fb2745cf3f1a','\0',1,14),(13,'2017-05-30 11:32:09','f443bbb66fe949558938f3c9a7a32690','ACTIVE',NULL,NULL,'636091ea91f042a78f8d87703047d201','\0',1,24),(14,'2017-05-30 11:32:09','f443bbb66fe949558938f3c9a7a32690','ACTIVE',NULL,NULL,'8e0568398fae44e695bd96e8d531b091','\0',1,21),(15,'2017-05-30 11:32:09','f443bbb66fe949558938f3c9a7a32690','ACTIVE',NULL,NULL,'09a0cae8dc1f4525aca7aec3f96d7a0d','\0',1,7),(16,'2017-05-30 11:32:09','f443bbb66fe949558938f3c9a7a32690','ACTIVE',NULL,NULL,'8206df8fa33c4893a5db1fb8edb42067','\0',1,9),(17,'2017-05-30 11:32:09','f443bbb66fe949558938f3c9a7a32690','ACTIVE',NULL,NULL,'744665b00b20489bb24db54d16521277','\0',1,23),(18,'2017-05-30 11:32:09','f443bbb66fe949558938f3c9a7a32690','ACTIVE',NULL,NULL,'76a6974ade944dfa8d27f83c03559224','\0',1,22),(19,'2017-05-30 11:32:09','f443bbb66fe949558938f3c9a7a32690','ACTIVE',NULL,NULL,'69388f1cbacf4134bb86f99715ea4fcb','\0',1,8),(20,'2017-05-30 11:32:09','f443bbb66fe949558938f3c9a7a32690','ACTIVE',NULL,NULL,'37f201aa40894546a2b4c7632b64cc26','\0',1,1),(21,'2017-05-30 11:32:09','f443bbb66fe949558938f3c9a7a32690','ACTIVE',NULL,NULL,'cf0d96226690421cbbbeda1ac636b468','\0',1,16),(22,'2017-05-30 11:32:09','f443bbb66fe949558938f3c9a7a32690','ACTIVE',NULL,NULL,'d8b9668b3bbc43618cf5a8702949bd98','\0',1,5),(23,'2017-05-30 11:32:09','f443bbb66fe949558938f3c9a7a32690','ACTIVE',NULL,NULL,'1c668592fd2b4960b2bcea151706a71b','\0',1,6),(24,'2017-05-30 11:32:09','f443bbb66fe949558938f3c9a7a32690','ACTIVE',NULL,NULL,'78a50b51fe184373b532bf1687346c3b','\0',1,18),(25,'2017-05-30 11:32:09','f443bbb66fe949558938f3c9a7a32690','ACTIVE',NULL,NULL,'d5dd1aa9d57b48089068c42a285f4930','\0',1,25),(26,'2017-05-30 11:32:09','f443bbb66fe949558938f3c9a7a32690','ACTIVE',NULL,NULL,'48f18132de8d4d39ad0c338afb145753','\0',1,3),(27,'2017-05-30 12:03:04','f443bbb66fe949558938f3c9a7a32690','ACTIVE',NULL,NULL,'19230027d36e4f3bb95b31a10b776910','\0',2,30),(28,'2017-05-30 12:03:04','f443bbb66fe949558938f3c9a7a32690','ACTIVE',NULL,NULL,'6eba796e6b4b4d6b982fa1248500ff99','\0',2,47),(29,'2017-05-30 12:03:04','f443bbb66fe949558938f3c9a7a32690','ACTIVE',NULL,NULL,'f5e062578eec4acaaffbbe6b6285bb8e','\0',2,27),(30,'2017-05-30 12:03:04','f443bbb66fe949558938f3c9a7a32690','ACTIVE',NULL,NULL,'0bb7313704c14c948861e1d447b549f2','\0',2,55),(31,'2017-05-30 12:03:04','f443bbb66fe949558938f3c9a7a32690','ACTIVE',NULL,NULL,'c1d47a666ce84559b0a03885f3b96463','\0',2,41),(32,'2017-05-30 12:03:04','f443bbb66fe949558938f3c9a7a32690','ACTIVE',NULL,NULL,'3a2c2e4fb38241e6bd190a4ec2f120c5','\0',2,50),(33,'2017-05-30 12:03:04','f443bbb66fe949558938f3c9a7a32690','ACTIVE',NULL,NULL,'3cb06c81e2854c0fa19e79847e76d75c','\0',2,42),(34,'2017-05-30 12:03:04','f443bbb66fe949558938f3c9a7a32690','ACTIVE',NULL,NULL,'1007ac0a678043b9a2389e66aa60972a','\0',2,49),(35,'2017-05-30 12:03:04','f443bbb66fe949558938f3c9a7a32690','ACTIVE',NULL,NULL,'08ed59b2c9ad412db6e19cc79ced1113','\0',2,31),(36,'2017-05-30 12:03:04','f443bbb66fe949558938f3c9a7a32690','ACTIVE',NULL,NULL,'9b224b9e614d4169bff375734b51e407','\0',2,33),(37,'2017-05-30 12:03:04','f443bbb66fe949558938f3c9a7a32690','ACTIVE',NULL,NULL,'c189ae6ebc234078815743f9ea4611c8','\0',2,44),(38,'2017-05-30 12:03:04','f443bbb66fe949558938f3c9a7a32690','ACTIVE',NULL,NULL,'3b2bc049f08e4ea3a9cb8fa3a490b9dc','\0',2,32),(39,'2017-05-30 12:03:04','f443bbb66fe949558938f3c9a7a32690','ACTIVE',NULL,NULL,'ef043dec9d67406fa65636c05e9cb212','\0',2,46),(40,'2017-05-30 12:03:04','f443bbb66fe949558938f3c9a7a32690','ACTIVE',NULL,NULL,'801f3a8993ec4db6bf0dd6bb4302c35c','\0',2,37),(41,'2017-05-30 12:03:04','f443bbb66fe949558938f3c9a7a32690','ACTIVE',NULL,NULL,'ab07351e41d348d5a6676ea718ebc594','\0',2,40),(42,'2017-05-30 12:03:04','f443bbb66fe949558938f3c9a7a32690','ACTIVE',NULL,NULL,'7f7128e898fe4286bae51f4af0e1894f','\0',2,52),(43,'2017-05-30 12:03:04','f443bbb66fe949558938f3c9a7a32690','ACTIVE',NULL,NULL,'b18ad60dddb24209a4fbbd3892a14c8b','\0',2,35),(44,'2017-05-30 12:03:04','f443bbb66fe949558938f3c9a7a32690','ACTIVE',NULL,NULL,'0572f549783a4faf982d4019c443a173','\0',2,51),(45,'2017-05-30 12:03:04','f443bbb66fe949558938f3c9a7a32690','ACTIVE',NULL,NULL,'273d74ebfa164e9594a2fc7f5b9ff4dd','\0',2,45),(46,'2017-05-30 12:03:04','f443bbb66fe949558938f3c9a7a32690','ACTIVE',NULL,NULL,'4d55467adf524d28998015bb1e4b90a9','\0',2,54),(47,'2017-05-30 12:03:04','f443bbb66fe949558938f3c9a7a32690','ACTIVE',NULL,NULL,'0968446a500844ffa2d3cd10475322af','\0',2,29),(48,'2017-05-30 12:03:04','f443bbb66fe949558938f3c9a7a32690','ACTIVE',NULL,NULL,'65e92144b9744fed8909053926b80f8b','\0',2,53),(49,'2017-05-30 12:03:04','f443bbb66fe949558938f3c9a7a32690','ACTIVE',NULL,NULL,'994da28f0a7849459e314ff834f47cbc','\0',2,34),(50,'2017-05-30 12:03:04','f443bbb66fe949558938f3c9a7a32690','ACTIVE',NULL,NULL,'f2f4ae5d642f4b9ebb95c8238cc63f74','\0',2,48),(51,'2017-05-30 12:03:04','f443bbb66fe949558938f3c9a7a32690','ACTIVE',NULL,NULL,'9de127cf8d674dec84173d2a84543514','\0',2,39),(52,'2017-05-30 12:03:04','f443bbb66fe949558938f3c9a7a32690','ACTIVE',NULL,NULL,'5906cbec79d94df593e751912a6338c9','\0',2,43),(53,'2017-05-30 12:03:04','f443bbb66fe949558938f3c9a7a32690','ACTIVE',NULL,NULL,'4062a2089c5d48f58c54106fdfbc0d9e','\0',2,28),(54,'2017-05-30 12:03:04','f443bbb66fe949558938f3c9a7a32690','ACTIVE',NULL,NULL,'f54d84d4283f4f08a2bf22ef5267c699','\0',2,38),(55,'2017-05-30 12:03:04','f443bbb66fe949558938f3c9a7a32690','ACTIVE',NULL,NULL,'8b66f3e5d6dc432cabfdeaa4f87ccdf6','\0',2,36),(56,'2017-05-30 16:36:24','f443bbb66fe949558938f3c9a7a32690','ACTIVE',NULL,NULL,'0f4c5fb76b2d4d0d90b6034362d03675','\0',3,57),(57,'2017-05-30 16:36:24','f443bbb66fe949558938f3c9a7a32690','ACTIVE',NULL,NULL,'f5e92c4463794c178668116af3eee67b','\0',3,59),(58,'2017-05-30 16:36:24','f443bbb66fe949558938f3c9a7a32690','ACTIVE',NULL,NULL,'ec63bac4db0f43de9c8e87bcddaaefc9','\0',3,63),(59,'2017-05-30 16:36:24','f443bbb66fe949558938f3c9a7a32690','ACTIVE',NULL,NULL,'75136383d6b64f4f8b932261a72d313f','\0',3,79),(60,'2017-05-30 16:36:24','f443bbb66fe949558938f3c9a7a32690','ACTIVE',NULL,NULL,'9af93ece78754d3695d9d2cabb39c1a5','\0',3,85),(61,'2017-05-30 16:36:24','f443bbb66fe949558938f3c9a7a32690','ACTIVE',NULL,NULL,'7ea0e126c5bc4e2f82e7fe3ed0a657e8','\0',3,76),(62,'2017-05-30 16:36:24','f443bbb66fe949558938f3c9a7a32690','ACTIVE',NULL,NULL,'05d06528392044c98aa4151c236ff9a3','\0',3,56),(63,'2017-05-30 16:36:24','f443bbb66fe949558938f3c9a7a32690','ACTIVE',NULL,NULL,'9210ef61c69b4932926cec0d91945a89','\0',3,78),(64,'2017-05-30 16:36:24','f443bbb66fe949558938f3c9a7a32690','ACTIVE',NULL,NULL,'a80f4047a7cd464e913c7b037d875f7e','\0',3,87),(65,'2017-05-30 16:36:24','f443bbb66fe949558938f3c9a7a32690','ACTIVE',NULL,NULL,'86456b7e5fb44cb8b09821d617790c0a','\0',3,67),(66,'2017-05-30 16:36:24','f443bbb66fe949558938f3c9a7a32690','ACTIVE',NULL,NULL,'04ab7554176e40a685cadb7a139bfc6c','\0',3,62),(67,'2017-05-30 16:36:24','f443bbb66fe949558938f3c9a7a32690','ACTIVE',NULL,NULL,'89e9e5b775454e5597599dad233ffd06','\0',3,73),(68,'2017-05-30 16:36:24','f443bbb66fe949558938f3c9a7a32690','ACTIVE',NULL,NULL,'58e39452a761470b9b91758d145e1361','\0',3,88),(69,'2017-05-30 16:36:24','f443bbb66fe949558938f3c9a7a32690','ACTIVE',NULL,NULL,'dbc463ce810d46bca1bf9de73ce50f31','\0',3,72),(70,'2017-05-30 16:36:24','f443bbb66fe949558938f3c9a7a32690','ACTIVE',NULL,NULL,'0a08443af6424716854a887ed2be9a1b','\0',3,60),(71,'2017-05-30 16:36:24','f443bbb66fe949558938f3c9a7a32690','ACTIVE',NULL,NULL,'2b76b388148c4f3abc12f15d3ce61bfe','\0',3,80),(72,'2017-05-30 16:36:24','f443bbb66fe949558938f3c9a7a32690','ACTIVE',NULL,NULL,'f3bec589ebb34524bf9619e73259ae6d','\0',3,77),(73,'2017-05-30 16:36:24','f443bbb66fe949558938f3c9a7a32690','ACTIVE',NULL,NULL,'cd42a2471df94f59b10001c2c336d476','\0',3,74),(74,'2017-05-30 16:36:24','f443bbb66fe949558938f3c9a7a32690','ACTIVE',NULL,NULL,'d3dba50fda764a0398d324b2b1fd044f','\0',3,75),(75,'2017-05-30 16:36:24','f443bbb66fe949558938f3c9a7a32690','ACTIVE',NULL,NULL,'e4acf4268d4447f4b0ecc26cd4caed02','\0',3,82),(76,'2017-05-30 16:36:24','f443bbb66fe949558938f3c9a7a32690','ACTIVE',NULL,NULL,'94758b1aefb742d0ba2e9d15708d9aaa','\0',3,64),(77,'2017-05-30 16:36:24','f443bbb66fe949558938f3c9a7a32690','ACTIVE',NULL,NULL,'5e82cb7845794d0b8850af180a96cf9f','\0',3,69),(78,'2017-05-30 16:36:24','f443bbb66fe949558938f3c9a7a32690','ACTIVE',NULL,NULL,'0b930183885c4c2390baeca25fca0360','\0',3,84),(79,'2017-05-30 16:36:24','f443bbb66fe949558938f3c9a7a32690','ACTIVE',NULL,NULL,'664315fd1dc8482992aa4af52d6a8345','\0',3,58),(80,'2017-05-30 16:36:24','f443bbb66fe949558938f3c9a7a32690','ACTIVE',NULL,NULL,'79c7fc0ff99d4ed1b00e8d69cbad5490','\0',3,65),(81,'2017-05-30 16:36:24','f443bbb66fe949558938f3c9a7a32690','ACTIVE',NULL,NULL,'46e2de6ba5554b6b8b36638134c87b31','\0',3,61),(82,'2017-05-30 16:36:24','f443bbb66fe949558938f3c9a7a32690','ACTIVE',NULL,NULL,'23da159d31d645fa926cf82200007a79','\0',3,71),(83,'2017-05-30 16:36:24','f443bbb66fe949558938f3c9a7a32690','ACTIVE',NULL,NULL,'f175ea26dd514ca489f3fab5b96d4327','\0',3,70),(84,'2017-05-30 16:36:24','f443bbb66fe949558938f3c9a7a32690','ACTIVE',NULL,NULL,'5678bc553a8e4be2ad9e893d62614fbe','\0',3,81),(85,'2017-05-30 16:36:24','f443bbb66fe949558938f3c9a7a32690','ACTIVE',NULL,NULL,'bac7f4c61d584d8c88dcfd34a01f4366','\0',3,83),(86,'2017-05-30 16:36:24','f443bbb66fe949558938f3c9a7a32690','ACTIVE',NULL,NULL,'a369a1daaf9741359ef738bbfe7efbaf','\0',3,86),(87,'2017-05-30 16:36:24','f443bbb66fe949558938f3c9a7a32690','ACTIVE',NULL,NULL,'6013f4378d0645b68fc408cc90a52b4f','\0',3,66);
/*!40000 ALTER TABLE `FORMS_QUESTIONS` ENABLE KEYS */;
UNLOCK TABLES;

--
-- Table structure for table `HEALTH_FACILITIES`
--

DROP TABLE IF EXISTS `HEALTH_FACILITIES`;
/*!40101 SET @saved_cs_client     = @@character_set_client */;
/*!40101 SET character_set_client = utf8 */;
CREATE TABLE `HEALTH_FACILITIES` (
  `ID` bigint(20) NOT NULL AUTO_INCREMENT,
  `CREATED_AT` datetime NOT NULL,
  `CREATED_BY` varchar(50) NOT NULL,
  `LIFE_CYCLE_STATUS` varchar(100) NOT NULL,
  `UPDATED_AT` datetime DEFAULT NULL,
  `UPDATED_BY` varchar(50) DEFAULT NULL,
  `UUID` varchar(50) NOT NULL,
  `HEALTH_FACILITY` varchar(80) NOT NULL,
  `DISTRICT_ID` bigint(20) NOT NULL,
  PRIMARY KEY (`ID`),
  KEY `FK_kw7nq3kpv3uvclaxlw24wqfg2` (`DISTRICT_ID`),
  CONSTRAINT `FK_kw7nq3kpv3uvclaxlw24wqfg2` FOREIGN KEY (`DISTRICT_ID`) REFERENCES `DISTRICTS` (`ID`)
) ENGINE=InnoDB AUTO_INCREMENT=115 DEFAULT CHARSET=latin1;
/*!40101 SET character_set_client = @saved_cs_client */;

--
-- Dumping data for table `HEALTH_FACILITIES`
--

LOCK TABLES `HEALTH_FACILITIES` WRITE;
/*!40000 ALTER TABLE `HEALTH_FACILITIES` DISABLE KEYS */;
INSERT INTO `HEALTH_FACILITIES` VALUES (1,'2017-05-29 23:44:42','682eb67387a84d54b9adf93247aefb55','ACTIVE',NULL,NULL,'74a1f4b414ab4074a632af0cd236b707','CS B.Gruveta',1),(2,'2017-05-29 23:44:42','682eb67387a84d54b9adf93247aefb55','ACTIVE',NULL,NULL,'5ae3cc51c9274d7aa235579591320b0f','CS Caiaia',1),(3,'2017-05-29 23:44:42','682eb67387a84d54b9adf93247aefb55','ACTIVE',NULL,NULL,'ce2342b6694047bcab6529f591f39922','CS Chapala',1),(4,'2017-05-29 23:44:42','682eb67387a84d54b9adf93247aefb55','ACTIVE',NULL,NULL,'8381066fd651420695ed7f48208fdcc0','CS Cololo',1),(5,'2017-05-29 23:44:42','682eb67387a84d54b9adf93247aefb55','ACTIVE',NULL,NULL,'124caba04f2f4487b8f46a7caa380286','CS Ecole',1),(6,'2017-05-29 23:44:42','682eb67387a84d54b9adf93247aefb55','ACTIVE',NULL,NULL,'cd7676e2993e4674af85fa418f964d6a','CS Malua',1),(7,'2017-05-29 23:44:42','682eb67387a84d54b9adf93247aefb55','ACTIVE',NULL,NULL,'f3d00aad61d74366aa0529ed5236e4fd','CS Moiua',1),(8,'2017-05-29 23:44:42','682eb67387a84d54b9adf93247aefb55','ACTIVE',NULL,NULL,'36fe3481def4492baaeb6f99279a633d','CS Mugema',1),(9,'2017-05-29 23:44:42','682eb67387a84d54b9adf93247aefb55','ACTIVE',NULL,NULL,'ef0a8e58f4024f12ae6f4890a3a4be4f','CS Mutala',1),(10,'2017-05-29 23:44:42','682eb67387a84d54b9adf93247aefb55','ACTIVE',NULL,NULL,'71a2a9f3255444de9cc1032e61792619','CS Nacuacua',1),(11,'2017-05-29 23:44:42','682eb67387a84d54b9adf93247aefb55','ACTIVE',NULL,NULL,'915e18b54f46488cb1bb14f58d49e5de','CS Nauela',1),(12,'2017-05-29 23:44:42','682eb67387a84d54b9adf93247aefb55','ACTIVE',NULL,NULL,'26772fa6e4264f72999c60163286ab02','CS Nimala',1),(13,'2017-05-29 23:44:42','682eb67387a84d54b9adf93247aefb55','ACTIVE',NULL,NULL,'b1cff1f4d0b645e7be13605678d35bcc','CS Nivava',1),(14,'2017-05-29 23:44:42','682eb67387a84d54b9adf93247aefb55','ACTIVE',NULL,NULL,'71cd039310d64bcfa8a363b082216fb6','CS Novanana',1),(15,'2017-05-29 23:44:42','682eb67387a84d54b9adf93247aefb55','ACTIVE',NULL,NULL,'013fe54fd575446fbc31c023b5a22516','HR Alto Molocu',1),(16,'2017-05-29 23:44:42','682eb67387a84d54b9adf93247aefb55','ACTIVE',NULL,NULL,'098d70b1b96345e99a5a7785d4cb8957','CS Chinde',2),(17,'2017-05-29 23:44:42','682eb67387a84d54b9adf93247aefb55','ACTIVE',NULL,NULL,'57ed0dda71b845d4b5c38c3e697a052f','CS Jorge',2),(18,'2017-05-29 23:44:42','682eb67387a84d54b9adf93247aefb55','ACTIVE',NULL,NULL,'6407c2e796fb48f9ba55a60eda25ba94','CS Madal',2),(19,'2017-05-29 23:44:42','682eb67387a84d54b9adf93247aefb55','ACTIVE',NULL,NULL,'8a9e392b654643739d422a98ba340a27','CS Matilde',2),(20,'2017-05-29 23:44:42','682eb67387a84d54b9adf93247aefb55','ACTIVE',NULL,NULL,'b16dbcca3df14a3ab8a3438545892f1f','CS Micaune',2),(21,'2017-05-29 23:44:42','682eb67387a84d54b9adf93247aefb55','ACTIVE',NULL,NULL,'c664b98defed49ea85b82894ae384dfd','CS Derre',3),(22,'2017-05-29 23:44:42','682eb67387a84d54b9adf93247aefb55','ACTIVE',NULL,NULL,'209a900caf2345a49da21ef69f1d12f2','CS Guerissa',3),(23,'2017-05-29 23:44:42','682eb67387a84d54b9adf93247aefb55','ACTIVE',NULL,NULL,'fb5a18017e9549948a6a7067e8363b79','CS Machindo',3),(24,'2017-05-29 23:44:42','682eb67387a84d54b9adf93247aefb55','ACTIVE',NULL,NULL,'60244560cbe14c2dbefc315a5ab1e602','CS Alto Ligonha',4),(25,'2017-05-29 23:44:42','682eb67387a84d54b9adf93247aefb55','ACTIVE',NULL,NULL,'07bea90ee4274a8ca324f38a4e8b173c','CS Kaiane',4),(26,'2017-05-29 23:44:42','682eb67387a84d54b9adf93247aefb55','ACTIVE',NULL,NULL,'af21aa9ce80e4ef6adb66d95574a0830','CS Mamala',4),(27,'2017-05-29 23:44:42','682eb67387a84d54b9adf93247aefb55','ACTIVE',NULL,NULL,'2bc0e3c085b14e22b425219d15a219a1','CS Moneia',4),(28,'2017-05-29 23:44:42','682eb67387a84d54b9adf93247aefb55','ACTIVE',NULL,NULL,'7bb70c1de22443d884aa9d4674a4b1ac','CS Muiane',4),(29,'2017-05-29 23:44:42','682eb67387a84d54b9adf93247aefb55','ACTIVE',NULL,NULL,'4ce6699558f94e56b5a22ca153ec8737','CS Namuaca',4),(30,'2017-05-29 23:44:42','682eb67387a84d54b9adf93247aefb55','ACTIVE',NULL,NULL,'7c801b73566e4f29a092279a92278900','CS Pury',4),(31,'2017-05-29 23:44:42','682eb67387a84d54b9adf93247aefb55','ACTIVE',NULL,NULL,'2ef044f80cf54611afcafecb2140ef5c','CS Uape',4),(32,'2017-05-29 23:44:42','682eb67387a84d54b9adf93247aefb55','ACTIVE',NULL,NULL,'46b8c4da782e4cdcbb7db97f7eac7131','HD Gil',4),(33,'2017-05-29 23:44:42','682eb67387a84d54b9adf93247aefb55','ACTIVE',NULL,NULL,'e2f637b7010444a0a64a81e93748c9ed','CS Ile',5),(34,'2017-05-29 23:44:42','682eb67387a84d54b9adf93247aefb55','ACTIVE',NULL,NULL,'be4594454da64a66b0e59969c2d296ca','CS Mugulama',5),(35,'2017-05-29 23:44:42','682eb67387a84d54b9adf93247aefb55','ACTIVE',NULL,NULL,'d3d98f194e9545dabd19057ea62c05e8','CS Mulequela',5),(36,'2017-05-29 23:44:42','682eb67387a84d54b9adf93247aefb55','ACTIVE',NULL,NULL,'392b0c5ed71f4c4ca93d8dacf04216ad','CS Niboia',5),(37,'2017-05-29 23:44:42','682eb67387a84d54b9adf93247aefb55','ACTIVE',NULL,NULL,'2494c4e392cf4de09870d0ca10059d30','CS Socone',5),(38,'2017-05-29 23:44:42','682eb67387a84d54b9adf93247aefb55','ACTIVE',NULL,NULL,'fbfde78672af43568711810bc1cfcc93','CS Bingagira',6),(39,'2017-05-29 23:44:42','682eb67387a84d54b9adf93247aefb55','ACTIVE',NULL,NULL,'55881e60b1414baa94287082bb02d8f0','CS Cherimane',6),(40,'2017-05-29 23:44:42','682eb67387a84d54b9adf93247aefb55','ACTIVE',NULL,NULL,'bf597d2da64e4c5b9092af28fb63ca0d','CS Gonhane',6),(41,'2017-05-29 23:44:42','682eb67387a84d54b9adf93247aefb55','ACTIVE',NULL,NULL,'d8b7b3822ee5455d95f7f1a9c0824602','CS Ilova',6),(42,'2017-05-29 23:44:42','682eb67387a84d54b9adf93247aefb55','ACTIVE',NULL,NULL,'725208d0bb7b4a48a6fc03fc6fcb8262','CS Inhassunge',6),(43,'2017-05-29 23:44:42','682eb67387a84d54b9adf93247aefb55','ACTIVE',NULL,NULL,'bc8eaaa6930e400e961e4991724ea545','CS Olinda',6),(44,'2017-05-29 23:44:42','682eb67387a84d54b9adf93247aefb55','ACTIVE',NULL,NULL,'ae01687a040642b0863c7b299e584bb5','CS Palane-Mucula',6),(45,'2017-05-29 23:44:42','682eb67387a84d54b9adf93247aefb55','ACTIVE',NULL,NULL,'8cde0bfe11c544fdbab0a34fe4dee0a7','CS Ilha Sala',7),(46,'2017-05-29 23:44:42','682eb67387a84d54b9adf93247aefb55','ACTIVE',NULL,NULL,'2d4293b393234e03aa897ed18e273192','CS Luabo',7),(47,'2017-05-29 23:44:42','682eb67387a84d54b9adf93247aefb55','ACTIVE',NULL,NULL,'7e98ab040c37451ebe0f7f9fe73dc0c4','CS Marcao',7),(48,'2017-05-29 23:44:42','682eb67387a84d54b9adf93247aefb55','ACTIVE',NULL,NULL,'8679d266954145a59de88454d24fcbb4','CS Socovinho',7),(49,'2017-05-29 23:44:42','682eb67387a84d54b9adf93247aefb55','ACTIVE',NULL,NULL,'e3ea51ac92014376850cba0e36dbe9dc','CS Alto Mutola',8),(50,'2017-05-29 23:44:42','682eb67387a84d54b9adf93247aefb55','ACTIVE',NULL,NULL,'d243de4766a24f5f9cec48f04bb2b284','CS Cabuir',8),(51,'2017-05-29 23:44:42','682eb67387a84d54b9adf93247aefb55','ACTIVE',NULL,NULL,'f8590d46702046b1b967cb9f0982fb86','CS Cariua',8),(52,'2017-05-29 23:44:42','682eb67387a84d54b9adf93247aefb55','ACTIVE',NULL,NULL,'24717c1b6e734a5cbc326177f8e4fc99','CS Mabala',8),(53,'2017-05-29 23:44:42','682eb67387a84d54b9adf93247aefb55','ACTIVE',NULL,NULL,'bdabab3641124482bab5faa31ae27fc5','CS Maganja da Costa',8),(54,'2017-05-29 23:44:42','682eb67387a84d54b9adf93247aefb55','ACTIVE',NULL,NULL,'27b5f6817a7b45d48a59d392569640d7','CS Mapira',8),(55,'2017-05-29 23:44:42','682eb67387a84d54b9adf93247aefb55','ACTIVE',NULL,NULL,'ee690e30e4714e3ea1b4817f4910b2b5','CS Muzo',8),(56,'2017-05-29 23:44:42','682eb67387a84d54b9adf93247aefb55','ACTIVE',NULL,NULL,'58737886ed464fde9cf4d42b245c99e8','CS Nante',8),(57,'2017-05-29 23:44:42','682eb67387a84d54b9adf93247aefb55','ACTIVE',NULL,NULL,'6e53efe03aac4a00a1788e061922a4d4','CS Gurai',9),(58,'2017-05-29 23:44:42','682eb67387a84d54b9adf93247aefb55','ACTIVE',NULL,NULL,'8b3c26a84d614ace82c0ee5094292d60','CS Maneia',9),(59,'2017-05-29 23:44:42','682eb67387a84d54b9adf93247aefb55','ACTIVE',NULL,NULL,'246b4a1cc95044db9d0fbe458aca1721','CS Missal',9),(60,'2017-05-29 23:44:42','682eb67387a84d54b9adf93247aefb55','ACTIVE',NULL,NULL,'2d6be14795314febad758bb891488ca9','CS Mocubela',9),(61,'2017-05-29 23:44:42','682eb67387a84d54b9adf93247aefb55','ACTIVE',NULL,NULL,'8194f3b2efdc440d835ccf72ad8b5240','CS Naico',9),(62,'2017-05-29 23:44:42','682eb67387a84d54b9adf93247aefb55','ACTIVE',NULL,NULL,'4940c4e731674e81b9bec1fee0ab1be2','CS Tapata',9),(63,'2017-05-29 23:44:42','682eb67387a84d54b9adf93247aefb55','ACTIVE',NULL,NULL,'fd4a8953e5bd4586928a7cd96f82f5e4','CS Catale',10),(64,'2017-05-29 23:44:42','682eb67387a84d54b9adf93247aefb55','ACTIVE',NULL,NULL,'d4c3593931ce471799707323c48a61da','CS Chimuara',10),(65,'2017-05-29 23:44:42','682eb67387a84d54b9adf93247aefb55','ACTIVE',NULL,NULL,'54e0eadb1da54c5b8f8ce5e34b9ac5d2','CS Gulamo',10),(66,'2017-05-29 23:44:42','682eb67387a84d54b9adf93247aefb55','ACTIVE',NULL,NULL,'df3bd95833394569b9426aa518a56871','CS Lua-Lua',10),(67,'2017-05-29 23:44:42','682eb67387a84d54b9adf93247aefb55','ACTIVE',NULL,NULL,'1090f0170784400aac88ab88991bbfee','CS Mopeia',10),(68,'2017-05-29 23:44:42','682eb67387a84d54b9adf93247aefb55','ACTIVE',NULL,NULL,'ecef4cd017144fccb6ab15d437a8212c','CS Noere',10),(69,'2017-05-29 23:44:42','682eb67387a84d54b9adf93247aefb55','ACTIVE',NULL,NULL,'cfa2dde0a30e4b87be9a698549054b33','CS Nzanza',10),(70,'2017-05-29 23:44:42','682eb67387a84d54b9adf93247aefb55','ACTIVE',NULL,NULL,'cc0c29020f014ba1b8a1f1cd51cb0ade','CS Posto Campo',10),(71,'2017-05-29 23:44:42','682eb67387a84d54b9adf93247aefb55','ACTIVE',NULL,NULL,'be662a07bb4d49ecbc7cf51d54327f7c','CS Balicholo',11),(72,'2017-05-29 23:44:42','682eb67387a84d54b9adf93247aefb55','ACTIVE',NULL,NULL,'64ffdeb6e638457b97e9483443fe10d2','CS Boroma',11),(73,'2017-05-29 23:44:42','682eb67387a84d54b9adf93247aefb55','ACTIVE',NULL,NULL,'f91bdf84faac4caa99590b4dd5d89dff','CS Chilomo',11),(74,'2017-05-29 23:44:42','682eb67387a84d54b9adf93247aefb55','ACTIVE',NULL,NULL,'942ae149c3734c96abca206f84881ad9','CS Chire',11),(75,'2017-05-29 23:44:42','682eb67387a84d54b9adf93247aefb55','ACTIVE',NULL,NULL,'c365593eb3a545b898ca8b9e48aa65ad','CS Cumbapo',11),(76,'2017-05-29 23:44:42','682eb67387a84d54b9adf93247aefb55','ACTIVE',NULL,NULL,'4cc586a6d752403b9717ed97a1b27748','CS Djasse',11),(77,'2017-05-29 23:44:42','682eb67387a84d54b9adf93247aefb55','ACTIVE',NULL,NULL,'68804418ec9d4d0db907bdd2934c82f8','CS Fabrica',11),(78,'2017-05-29 23:44:42','682eb67387a84d54b9adf93247aefb55','ACTIVE',NULL,NULL,'fda32978f193407dad6db283db75397d','CS Gaute',11),(79,'2017-05-29 23:44:42','682eb67387a84d54b9adf93247aefb55','ACTIVE',NULL,NULL,'d8e9cc8406754758b30b493da5310f87','CS Goro',11),(80,'2017-05-29 23:44:42','682eb67387a84d54b9adf93247aefb55','ACTIVE',NULL,NULL,'9f53f31a24ba4a618d5775e65b030e5b','CS Mecaula',11),(81,'2017-05-29 23:44:42','682eb67387a84d54b9adf93247aefb55','ACTIVE',NULL,NULL,'ff9a56c9a2a747d48d34ad357a79d1d2','CS Megaza',11),(82,'2017-05-29 23:44:42','682eb67387a84d54b9adf93247aefb55','ACTIVE',NULL,NULL,'c6595b253a6e418c86d92ca68aa7cd0f','CS Mepinha',11),(83,'2017-05-29 23:44:42','682eb67387a84d54b9adf93247aefb55','ACTIVE',NULL,NULL,'0f1fb155b45f42f2ab760278a3da6c68','CS Muandiua',11),(84,'2017-05-29 23:44:42','682eb67387a84d54b9adf93247aefb55','ACTIVE',NULL,NULL,'e8247b9805a246ec82d4b49f6290337c','CS Muera',11),(85,'2017-05-29 23:44:42','682eb67387a84d54b9adf93247aefb55','ACTIVE',NULL,NULL,'7028e611d9a94635aaf0e8317a1aa6d4','CS Mureremba',11),(86,'2017-05-29 23:44:42','682eb67387a84d54b9adf93247aefb55','ACTIVE',NULL,NULL,'76ef78c96f3148f2ad3d2e8adc6475cf','CS Pinda',11),(87,'2017-05-29 23:44:42','682eb67387a84d54b9adf93247aefb55','ACTIVE',NULL,NULL,'3161074fece84eb5bc2a39a03846b086','CS Reis',11),(88,'2017-05-29 23:44:42','682eb67387a84d54b9adf93247aefb55','ACTIVE',NULL,NULL,'8f7ae8c0ca3c4180944371443f4c571f','CS Sabe',11),(89,'2017-05-29 23:44:42','682eb67387a84d54b9adf93247aefb55','ACTIVE',NULL,NULL,'1f5113a80eb84dc6aa4d286f7b424bd7','HR Morrumbala',11),(90,'2017-05-29 23:44:42','682eb67387a84d54b9adf93247aefb55','ACTIVE',NULL,NULL,'504a3ecee06b496392556f61346d8b4a','CS Chiraco',12),(91,'2017-05-29 23:44:42','682eb67387a84d54b9adf93247aefb55','ACTIVE',NULL,NULL,'3511dd9ce08c4d44879e8bd52c72a263','CS Mulevala',12),(92,'2017-05-29 23:44:42','682eb67387a84d54b9adf93247aefb55','ACTIVE',NULL,NULL,'c01fba119ff2401bb05f200a98ed5c1c','CS Tebo',12),(93,'2017-05-29 23:44:42','682eb67387a84d54b9adf93247aefb55','ACTIVE',NULL,NULL,'260c66d914544141bb0a2f83b3c5c47f','CS Furquia',13),(94,'2017-05-29 23:44:42','682eb67387a84d54b9adf93247aefb55','ACTIVE',NULL,NULL,'74a1d6872ccb47eaa2cd0fd6c9dfdf28','CS Macuse',13),(95,'2017-05-29 23:44:42','682eb67387a84d54b9adf93247aefb55','ACTIVE',NULL,NULL,'da78194df9a14b12baee22f72c8b1bca','CS Malei',13),(96,'2017-05-29 23:44:42','682eb67387a84d54b9adf93247aefb55','ACTIVE',NULL,NULL,'b290c2382de24af6b8ba2f41b3859d9d','CS Mbaua',13),(97,'2017-05-29 23:44:42','682eb67387a84d54b9adf93247aefb55','ACTIVE',NULL,NULL,'0f78c8fcfc954b0a86430f8f6722535f','CS Mixixine',13),(98,'2017-05-29 23:44:42','682eb67387a84d54b9adf93247aefb55','ACTIVE',NULL,NULL,'818a019a32354542b899455aa704c3a0','CS Muceliua',13),(99,'2017-05-29 23:44:42','682eb67387a84d54b9adf93247aefb55','ACTIVE',NULL,NULL,'c4d93729d9db401b98a0b18824f98a41','CS Muebele',13),(100,'2017-05-29 23:44:42','682eb67387a84d54b9adf93247aefb55','ACTIVE',NULL,NULL,'1c9e0ae1e0794e6ca581f23f31e119d5','CS Mugubia',13),(101,'2017-05-29 23:44:42','682eb67387a84d54b9adf93247aefb55','ACTIVE',NULL,NULL,'e1ef38aacb344524ab583468447df69d','CS Namacurra',13),(102,'2017-05-29 23:44:42','682eb67387a84d54b9adf93247aefb55','ACTIVE',NULL,NULL,'77f3c8fdd49644b3b006ec48180c18e8','CS 7 Abril',14),(103,'2017-05-29 23:44:42','682eb67387a84d54b9adf93247aefb55','ACTIVE',NULL,NULL,'9ec7366a27a742b2841114c8babf975e','CS Alto Maganha',14),(104,'2017-05-29 23:44:42','682eb67387a84d54b9adf93247aefb55','ACTIVE',NULL,NULL,'b2c30eb1453249109d6966ab7c18c5f0','CS Impaca',14),(105,'2017-05-29 23:44:42','682eb67387a84d54b9adf93247aefb55','ACTIVE',NULL,NULL,'1153251594124be799e4cbc943c4a100','CS Magiga',14),(106,'2017-05-29 23:44:42','682eb67387a84d54b9adf93247aefb55','ACTIVE',NULL,NULL,'7814c4097fd34a7ea642cbb61f7fbda7','CS Malema',14),(107,'2017-05-29 23:44:42','682eb67387a84d54b9adf93247aefb55','ACTIVE',NULL,NULL,'1747def2666e4e269022e32580c6bc78','CS Mihecue',14),(108,'2017-05-29 23:44:42','682eb67387a84d54b9adf93247aefb55','ACTIVE',NULL,NULL,'f473fd4b8a5d42b980a799a57a9ba716','CS Mulela',14),(109,'2017-05-29 23:44:42','682eb67387a84d54b9adf93247aefb55','ACTIVE',NULL,NULL,'263964700f8041adb4a64f5cb4f1bf8e','CS Muligode',14),(110,'2017-05-29 23:44:42','682eb67387a84d54b9adf93247aefb55','ACTIVE',NULL,NULL,'9f3b4a7ea3754b45a344899eb682e7a7','CS Naburi',14),(111,'2017-05-29 23:44:42','682eb67387a84d54b9adf93247aefb55','ACTIVE',NULL,NULL,'0d294e6af55d430d8929bf213c3af182','CS Pebane',14),(112,'2017-05-29 23:44:42','682eb67387a84d54b9adf93247aefb55','ACTIVE',NULL,NULL,'eed2d371385842eeba0bafc3930516f3','CS Pele-Pele',14),(113,'2017-05-29 23:44:42','682eb67387a84d54b9adf93247aefb55','ACTIVE',NULL,NULL,'feffce23125f4ad4969cb9ca850e0ed3','CS Tomea',14),(114,'2017-05-29 23:44:42','682eb67387a84d54b9adf93247aefb55','ACTIVE',NULL,NULL,'8a0903a5f2b2491e9b0b1d09510c6123','CS Txalalane',14);
/*!40000 ALTER TABLE `HEALTH_FACILITIES` ENABLE KEYS */;
UNLOCK TABLES;

--
-- Table structure for table `MENTORSHIPS`
--

DROP TABLE IF EXISTS `MENTORSHIPS`;
/*!40101 SET @saved_cs_client     = @@character_set_client */;
/*!40101 SET character_set_client = utf8 */;
CREATE TABLE `MENTORSHIPS` (
  `ID` bigint(20) NOT NULL AUTO_INCREMENT,
  `CREATED_AT` datetime NOT NULL,
  `CREATED_BY` varchar(50) NOT NULL,
  `LIFE_CYCLE_STATUS` varchar(100) NOT NULL,
  `UPDATED_AT` datetime DEFAULT NULL,
  `UPDATED_BY` varchar(50) DEFAULT NULL,
  `UUID` varchar(50) NOT NULL,
  `CODE` varchar(50) NOT NULL,
  `END_DATE` datetime NOT NULL,
  `START_DATE` datetime NOT NULL,
  `FORM_ID` bigint(20) NOT NULL,
  `HEALTH_FACILITY` bigint(20) NOT NULL,
  `TUTOR_ID` bigint(20) NOT NULL,
  `TUTORED_ID` bigint(20) NOT NULL,
  PRIMARY KEY (`ID`),
  UNIQUE KEY `UK_48bivb6gk85g6ja4m5b2ei8qk` (`CODE`),
  KEY `FK_4cc8ppcsw1shrfhfemrn5fc99` (`FORM_ID`),
  KEY `FK_bvd7qvkjc8oy675bf6yv6jud3` (`HEALTH_FACILITY`),
  KEY `FK_9nef3tncy87ucx3ea0mqy44bs` (`TUTOR_ID`),
  KEY `FK_nyxrqojuhntn8ruyjbjmgmp8n` (`TUTORED_ID`),
  CONSTRAINT `FK_4cc8ppcsw1shrfhfemrn5fc99` FOREIGN KEY (`FORM_ID`) REFERENCES `FORMS` (`ID`),
  CONSTRAINT `FK_9nef3tncy87ucx3ea0mqy44bs` FOREIGN KEY (`TUTOR_ID`) REFERENCES `TUTORS` (`ID`),
  CONSTRAINT `FK_bvd7qvkjc8oy675bf6yv6jud3` FOREIGN KEY (`HEALTH_FACILITY`) REFERENCES `HEALTH_FACILITIES` (`ID`),
  CONSTRAINT `FK_nyxrqojuhntn8ruyjbjmgmp8n` FOREIGN KEY (`TUTORED_ID`) REFERENCES `TUTOREDS` (`ID`)
) ENGINE=InnoDB AUTO_INCREMENT=14 DEFAULT CHARSET=utf8;
/*!40101 SET character_set_client = @saved_cs_client */;

--
-- Dumping data for table `MENTORSHIPS`
--

LOCK TABLES `MENTORSHIPS` WRITE;
/*!40000 ALTER TABLE `MENTORSHIPS` DISABLE KEYS */;
INSERT INTO `MENTORSHIPS` VALUES (1,'2017-06-04 19:03:51','08cc21901f18424ebb4a232f8963fc1b','INACTIVE',NULL,NULL,'2bf67aee884a4f4b830e973d74aefe63','MT00000001','2017-06-02 11:14:20','2017-06-02 11:13:36',3,101,2,1),(2,'2017-06-04 19:37:10','08cc21901f18424ebb4a232f8963fc1b','INACTIVE',NULL,NULL,'9c6d8acbada549778e418f990c8584f0','MT00000002','2017-06-04 19:37:04','2017-06-04 19:36:11',2,1,2,1),(3,'2017-06-08 16:19:42','08cc21901f18424ebb4a232f8963fc1b','INACTIVE',NULL,NULL,'cf416a1873a3465d8a4c58e898dfa2f1','MT00000003','2017-06-08 16:19:10','2017-06-08 16:15:34',1,4,2,1),(4,'2017-06-09 10:05:32','0807983dd3b34f109fb75756862d4a72','ACTIVE',NULL,NULL,'b635b17227e246e395b1c34cbe1be3a3','MT00000004','2017-06-09 10:05:13','2017-06-09 10:00:54',1,98,1,2),(5,'2017-06-09 10:21:58','0807983dd3b34f109fb75756862d4a72','ACTIVE',NULL,NULL,'cda7db4954464aeaad06a83709b0d77b','MT00000005','2017-06-09 10:14:35','2017-06-09 10:10:36',1,1,1,3),(6,'2017-06-09 10:21:58','0807983dd3b34f109fb75756862d4a72','ACTIVE',NULL,NULL,'355f619dedb443838b4004e26c6e6680','MT00000006','2017-06-09 10:21:22','2017-06-09 10:18:52',1,96,1,3),(7,'2017-06-13 20:20:55','0807983dd3b34f109fb75756862d4a72','ACTIVE',NULL,NULL,'e6e74f36feb84a4897536bc693952ece','MT00000007','2017-06-13 20:20:44','2017-06-13 20:19:14',1,93,1,4),(8,'2017-06-13 20:25:47','0807983dd3b34f109fb75756862d4a72','ACTIVE',NULL,NULL,'421f3cf6374b4d22bf40a75ba3f21e95','MT00000008','2017-06-13 20:25:24','2017-06-13 20:21:07',1,96,1,3),(9,'2017-06-13 20:29:38','0807983dd3b34f109fb75756862d4a72','ACTIVE',NULL,NULL,'b18ce3e6dbbd4dffaa8454db24e2f791','MT00000009','2017-06-13 20:29:25','2017-06-13 20:26:26',1,96,1,3),(10,'2017-06-13 20:44:37','0807983dd3b34f109fb75756862d4a72','ACTIVE',NULL,NULL,'de2534fc60c8443e9208318da8824a91','MT00000010','2017-06-13 20:44:27','2017-06-13 20:42:42',1,94,1,5),(11,'2017-06-13 20:48:07','0807983dd3b34f109fb75756862d4a72','ACTIVE',NULL,NULL,'6be37156d7ce44e5942e9299a3e02754','MT00000011','2017-06-13 20:47:59','2017-06-13 20:44:40',1,94,1,5),(12,'2017-06-13 20:53:51','0807983dd3b34f109fb75756862d4a72','ACTIVE',NULL,NULL,'1efad41b1a1b4ef0a7f7d10f87b46501','MT00000012','2017-06-13 20:50:28','2017-06-13 20:48:59',1,94,1,5),(13,'2017-06-13 20:53:51','0807983dd3b34f109fb75756862d4a72','ACTIVE',NULL,NULL,'93513f8ccab64ad0beca6e077cbb4e06','MT00000013','2017-06-13 20:53:03','2017-06-13 20:50:32',1,93,1,5);
/*!40000 ALTER TABLE `MENTORSHIPS` ENABLE KEYS */;
UNLOCK TABLES;

--
-- Table structure for table `PROGRAMMATIC_AREAS`
--

DROP TABLE IF EXISTS `PROGRAMMATIC_AREAS`;
/*!40101 SET @saved_cs_client     = @@character_set_client */;
/*!40101 SET character_set_client = utf8 */;
CREATE TABLE `PROGRAMMATIC_AREAS` (
  `ID` bigint(20) NOT NULL AUTO_INCREMENT,
  `CREATED_AT` datetime NOT NULL,
  `CREATED_BY` varchar(50) NOT NULL,
  `LIFE_CYCLE_STATUS` varchar(100) NOT NULL,
  `UPDATED_AT` datetime DEFAULT NULL,
  `UPDATED_BY` varchar(50) DEFAULT NULL,
  `UUID` varchar(50) NOT NULL,
  `CODE` varchar(50) NOT NULL,
  `DESCRIPTION` varchar(255) DEFAULT NULL,
  `NAME` varchar(100) NOT NULL,
  PRIMARY KEY (`ID`),
  UNIQUE KEY `UK_k5cgvh7u59596rnxos9wd4wjl` (`CODE`)
) ENGINE=InnoDB AUTO_INCREMENT=3 DEFAULT CHARSET=utf8;
/*!40101 SET character_set_client = @saved_cs_client */;

--
-- Dumping data for table `PROGRAMMATIC_AREAS`
--

LOCK TABLES `PROGRAMMATIC_AREAS` WRITE;
/*!40000 ALTER TABLE `PROGRAMMATIC_AREAS` DISABLE KEYS */;
INSERT INTO `PROGRAMMATIC_AREAS` VALUES (1,'2017-05-30 08:47:00','08cc21901f18424ebb4a232f8963fc1b','ACTIVE','2017-05-30 09:04:18','08cc21901f18424ebb4a232f8963fc1b','d6b3b221c32d4476b56b90724f008ab4','MT00000001','Departamento de Informao Estratgica','DIE'),(2,'2017-05-30 09:05:11','08cc21901f18424ebb4a232f8963fc1b','ACTIVE','2017-05-30 10:21:28','f443bbb66fe949558938f3c9a7a32690','7ba11294e71846f7bd3c5108d0bb4e1e','MT00000002','Sector de Laboratrios/FGH','Laboratrio');
/*!40000 ALTER TABLE `PROGRAMMATIC_AREAS` ENABLE KEYS */;
UNLOCK TABLES;

--
-- Table structure for table `QUESTIONS`
--

DROP TABLE IF EXISTS `QUESTIONS`;
/*!40101 SET @saved_cs_client     = @@character_set_client */;
/*!40101 SET character_set_client = utf8 */;
CREATE TABLE `QUESTIONS` (
  `ID` bigint(20) NOT NULL AUTO_INCREMENT,
  `CREATED_AT` datetime NOT NULL,
  `CREATED_BY` varchar(50) NOT NULL,
  `LIFE_CYCLE_STATUS` varchar(100) NOT NULL,
  `UPDATED_AT` datetime DEFAULT NULL,
  `UPDATED_BY` varchar(50) DEFAULT NULL,
  `UUID` varchar(50) NOT NULL,
  `CODE` varchar(50) NOT NULL,
  `QUESTION` varchar(255) NOT NULL,
  `QUESTION_CATEGORY` varchar(50) NOT NULL,
  `QUESTION_TYPE` varchar(50) NOT NULL,
  PRIMARY KEY (`ID`),
  UNIQUE KEY `UK_p51wl254sfjbleebgfc8rxyly` (`CODE`)
) ENGINE=InnoDB AUTO_INCREMENT=90 DEFAULT CHARSET=utf8;
/*!40101 SET character_set_client = @saved_cs_client */;

--
-- Dumping data for table `QUESTIONS`
--

LOCK TABLES `QUESTIONS` WRITE;
/*!40000 ALTER TABLE `QUESTIONS` DISABLE KEYS */;
INSERT INTO `QUESTIONS` VALUES (1,'2017-05-30 10:58:57','f443bbb66fe949558938f3c9a7a32690','ACTIVE',NULL,NULL,'b42d605f601b48d6b57c98fe7010058e','MTQ00000001','COMPARAR OS DADOS RM COM OS RMI E OS REGISTOS DIARIOS','ACCURACY','TEXT'),(2,'2017-05-30 10:59:14','f443bbb66fe949558938f3c9a7a32690','ACTIVE',NULL,NULL,'91d9c08c26be422aa14ac0ca6b21de32','MTQ00000002','VERIFICAR SE AS DESAGREGACOES POR SEXO,IDADE, TIPO DE ACONS. SAO CORRESPONDENTES AO N DE ATENDIDOS','ACCURACY','TEXT'),(3,'2017-05-30 10:59:33','f443bbb66fe949558938f3c9a7a32690','ACTIVE',NULL,NULL,'d03f080ba59149d48a31b51cfe3d2330','MTQ00000003','VERIFICAR SE O N DE TESTES CORRESPONDE AOS RESULTADOS','ACCURACY','TEXT'),(4,'2017-05-30 10:59:53','f443bbb66fe949558938f3c9a7a32690','ACTIVE',NULL,NULL,'09fec23153004fcf8ce76655d0d68261','MTQ00000004','VERIFICAR SE O N DE ATENDIDOS CORRESPONDE A: POSITIVOS + NEGATIVOS+NAO FEITOS+INDETERMINADO','ACCURACY','TEXT'),(5,'2017-05-30 11:00:13','f443bbb66fe949558938f3c9a7a32690','ACTIVE',NULL,NULL,'bad8fb87f6f44ba7a4674dd5460fbdbd','MTQ00000005','VERFICAR SE O NUMERO DE POSITIVOS E IGUAL AOS REFERIDOS AOS SERVICOS TARV','ACCURACY','TEXT'),(6,'2017-05-30 11:00:44','f443bbb66fe949558938f3c9a7a32690','ACTIVE',NULL,NULL,'fba79956a58a4e9d97cccc1958ac73b4','MTQ00000006','REGISTAR NO CABECALHO: MES, ANO, PROVINCIA, DISTRITO, US E SERVICO','RELIABILITY','TEXT'),(7,'2017-05-30 11:01:02','f443bbb66fe949558938f3c9a7a32690','ACTIVE',NULL,NULL,'ac55dea5597945e8b7cf4309a9ebabb2','MTQ00000007','VALIDAR OS RESUMOS MENSAIS(ASSINATURAS DO RESPONSAVEL)','RELIABILITY','TEXT'),(8,'2017-05-30 11:01:21','f443bbb66fe949558938f3c9a7a32690','ACTIVE',NULL,NULL,'d93bc85b4bd9433a9f5f8df176e7e466','MTQ00000008','NAO DEIXAR ESPACOS VAZIOS E ESCREVA SEMPRE UM TRACINHO(-) NO QUADRADINHO SE NAO CONSTE A OPCAO','RELIABILITY','TEXT'),(9,'2017-05-30 11:01:38','f443bbb66fe949558938f3c9a7a32690','ACTIVE',NULL,NULL,'fae7adea91fc49d0870a983bd51c5a90','MTQ00000009','ASSINALE COM X A COLUNA CORRESPONDENTE','RELIABILITY','TEXT'),(10,'2017-05-30 11:01:55','f443bbb66fe949558938f3c9a7a32690','ACTIVE',NULL,NULL,'754c5578d62e40089d7738d49192c2af','MTQ00000010','NO ACONSELHAMENTO A CASAIS MARQUE COM A MESMA LETRA CADA ELEMENTO DO CASAL','RELIABILITY','TEXT'),(11,'2017-05-30 11:02:13','f443bbb66fe949558938f3c9a7a32690','ACTIVE',NULL,NULL,'b3e3cd1b2c2448989a959fc7ce6f538c','MTQ00000011','ARQUIVAR AS COPIAS DE TODOS OS RESUMOS MENSAIS ENVIADOS A DDS','RELIABILITY','TEXT'),(12,'2017-05-30 11:02:37','f443bbb66fe949558938f3c9a7a32690','ACTIVE',NULL,NULL,'803e2df5e7b046b1a80e2b78b02fe936','MTQ00000012','NO FINAL DO DIA FAZER O SOMATORIO DO DIA E PASSAR PARA O RESUMO INTERNO','PUNCTUALITY','TEXT'),(13,'2017-05-30 11:02:54','f443bbb66fe949558938f3c9a7a32690','ACTIVE',NULL,NULL,'08754d1b15a94119aea0fec9c1f5771a','MTQ00000013','NO FINAL DO MES FAZER O SOMATORIO  DOS RI DE CADA SECTOR','PUNCTUALITY','TEXT'),(14,'2017-05-30 11:03:12','f443bbb66fe949558938f3c9a7a32690','ACTIVE',NULL,NULL,'3114c581ccd94310803ee4e70ed0f5f1','MTQ00000014','NO FINAL DO MES AGREGAR O RMI NO RESUMO MENSAL DA UNIDADE SANITARIA','PUNCTUALITY','TEXT'),(15,'2017-05-30 11:03:31','f443bbb66fe949558938f3c9a7a32690','ACTIVE',NULL,NULL,'d27b3f302dbb4144a6457a00e97ea642','MTQ00000015','ENVIAR NO FINAL DE CADA MES O RESUMO MENSAL PARA A DDS','PUNCTUALITY','TEXT'),(16,'2017-05-30 11:04:05','f443bbb66fe949558938f3c9a7a32690','ACTIVE',NULL,NULL,'948954fb166a4c6dbaf271d2eb3874a8','MTQ00000016','CUMPRIR A DATA DE ENVIO DE RELATORIOS','PUNCTUALITY','TEXT'),(17,'2017-05-30 11:04:26','f443bbb66fe949558938f3c9a7a32690','ACTIVE',NULL,NULL,'468e5f3a8b184cfa9e901d01cc759d3f','MTQ00000017','ELABORAR O RELATORIO COMPLETO(PREECHIMENTO DE OS CAMPOS)','TOTALITY','TEXT'),(18,'2017-05-30 11:04:45','f443bbb66fe949558938f3c9a7a32690','ACTIVE',NULL,NULL,'a5427b3cea1342a9955b77cb0c13dce1','MTQ00000018','INCLUIR NO RESUMO MENSAL OS DADOS DE TODOS OS SECTORES QUE FAZEM ATIP NA US','TOTALITY','TEXT'),(19,'2017-05-30 11:05:04','f443bbb66fe949558938f3c9a7a32690','ACTIVE',NULL,NULL,'c48ad52a107b4e37b7d27f79a62bc011','MTQ00000019','OBEDECER OS PERIODOS DE AGREGACAO MENSAL DOS DADOS(21 A 20)','TOTALITY','TEXT'),(20,'2017-05-30 11:05:26','f443bbb66fe949558938f3c9a7a32690','ACTIVE',NULL,NULL,'ea558920458940a9a7aedf18d3677bc6','MTQ00000020','USAR OS INSTRUMENTOS PADRONIZADOS PARA O REGISTO(REGISTO DIARIO)','PRECISION','TEXT'),(21,'2017-05-30 11:05:45','f443bbb66fe949558938f3c9a7a32690','ACTIVE',NULL,NULL,'191936d703204425ad7a03de1c9a8dda','MTQ00000021','USAR INSTRUMENTOS PADRONIZADO PARA COLHEITA DE DADOS(RMI E RM)','PRECISION','TEXT'),(22,'2017-05-30 11:06:19','f443bbb66fe949558938f3c9a7a32690','ACTIVE',NULL,NULL,'b7dcbfd0dda140e58782b672663c4993','MTQ00000022','COMPARAR OS DADOS COM OS DOS PERIODOS ANTERIORES','PRECISION','TEXT'),(23,'2017-05-30 11:10:12','f443bbb66fe949558938f3c9a7a32690','ACTIVE',NULL,NULL,'e95805e91be44021b46233410d08d830','MTQ00000023','ARQUIVAR DEVIDAMENTE OS REGISTOS DIARIOS','CONFIDENTIALITY','TEXT'),(24,'2017-05-30 11:10:38','f443bbb66fe949558938f3c9a7a32690','ACTIVE',NULL,NULL,'6870db7ca9884c0a9c05348be9950d49','MTQ00000024','ARQUIVAR DEVIDAMENTE OS RESUMOS MENSAIS (PASTAS DE ARQUIVO)','CONFIDENTIALITY','TEXT'),(25,'2017-05-30 11:11:10','f443bbb66fe949558938f3c9a7a32690','ACTIVE',NULL,NULL,'b33eebf926b54da7b59afb160f6b09a2','MTQ00000025','DOCUMENTAR AS CORRECOES DOS DADOS DOS RESUMOS MENSAIS','INTEGRITY','TEXT'),(26,'2017-05-30 11:11:39','f443bbb66fe949558938f3c9a7a32690','ACTIVE',NULL,NULL,'ce041da3c01d47d9915f3b8be784c9a8','MTQ00000026','SEGUIR O FLUXO DE COMUNICAO DAS CORRECOES DOS RESUMOS MENSAIS','INTEGRITY','TEXT'),(27,'2017-05-30 11:39:15','f443bbb66fe949558938f3c9a7a32690','ACTIVE',NULL,NULL,'f504bbcbfdcc4819873c3cc70708f51b','MTQ00000027','FAZER O CRUZAMENTO DE DADOS OPENMRS E LIVROS PRE TARV(NOVOS INSCRITOS)','ACCURACY','TEXT'),(28,'2017-05-30 11:39:37','f443bbb66fe949558938f3c9a7a32690','ACTIVE',NULL,NULL,'36f5c8bcc17e4ed6ab75174d04fe94e1','MTQ00000028','FAZER O CRUZAMENTO DE DADOS OPENMRS E LIVROS TARV(PACIENTES QUE INICIARAM  TARV)','ACCURACY','TEXT'),(29,'2017-05-30 11:39:55','f443bbb66fe949558938f3c9a7a32690','ACTIVE',NULL,NULL,'72bea06e67b64ecab87881ddfa3e44cb','MTQ00000029','FAZER O CRUZAMENTO DE DADOS OPENMRS E LIVROS CPN(GRAVIDAS HIV+ E QUE INICIARAM TARV)','ACCURACY','TEXT'),(30,'2017-05-30 11:40:12','f443bbb66fe949558938f3c9a7a32690','ACTIVE',NULL,NULL,'529cc7928eb64df8988d032dbbe81f00','MTQ00000030','FAZER O CRUZAMENTO DE DADOS OPENMRS E LIVRO DE REGISTO DE  PCR  (CRIANCAS HIV+ E QUE INICIARAM TARV)','ACCURACY','TEXT'),(31,'2017-05-30 11:40:32','f443bbb66fe949558938f3c9a7a32690','ACTIVE',NULL,NULL,'a4468654f44d4c76a33df56531e6c75c','MTQ00000031','FAZER O CRUZAMENTO DE DADOS OPENMRS E LIVROS TB(PACIENTES QUE INICIARAM TRATAMENTO  DE TB)','ACCURACY','TEXT'),(32,'2017-05-30 11:40:50','f443bbb66fe949558938f3c9a7a32690','ACTIVE',NULL,NULL,'93f2e45f5c824c80b04180d519658807','MTQ00000032','FAZER O CRUZAMENTO DOS DADOS DO OPENMRS E LIVRO GAAC (PACIENTES INSCRITOS)','ACCURACY','TEXT'),(33,'2017-05-30 11:41:17','f443bbb66fe949558938f3c9a7a32690','ACTIVE',NULL,NULL,'360f3fe0c5854354aeec6c455242e8d9','MTQ00000033','REALIZAR  AS AVALIACOES DA QUALIDADE DE DADOS SEGUNDO PERIODICIDADE RECOMENDADA','RELIABILITY','TEXT'),(34,'2017-05-30 11:41:37','f443bbb66fe949558938f3c9a7a32690','ACTIVE',NULL,NULL,'f483fb93f2e2482fbfc5820fa76f9760','MTQ00000034','FAZER A VALIDACAO DOS DADOS DE CD4 (PROCESSO CLINICO)','RELIABILITY','TEXT'),(35,'2017-05-30 11:42:04','f443bbb66fe949558938f3c9a7a32690','ACTIVE',NULL,NULL,'935668e5c0804169b38de3ee551cb210','MTQ00000035','FAZER AS VALIDACAO DOS DADOS(PACIENTES QUE INICIARAM TARV SEM DATA DE INICIO DE LEVANTAMENTO TARV)','RELIABILITY','TEXT'),(36,'2017-05-30 11:42:35','f443bbb66fe949558938f3c9a7a32690','ACTIVE',NULL,NULL,'abb7976aaf024353ad7b84ec72b56a33','MTQ00000036','VALIDACAO DOS ABANDONOS NAO NOTIFICADOS','RELIABILITY','TEXT'),(37,'2017-05-30 11:43:00','f443bbb66fe949558938f3c9a7a32690','ACTIVE',NULL,NULL,'481b42171e0f46de94cdbb8d5ea12f56','MTQ00000037','MONITORIA DE DIGITACAO','RELIABILITY','TEXT'),(38,'2017-05-30 11:43:25','f443bbb66fe949558938f3c9a7a32690','ACTIVE',NULL,NULL,'f8dfd5fd6c254d5e90acc62d35163180','MTQ00000038','EXECUTAR O BACKUP DIARIAMENTE SEGUNDO \"PROCEDIMENTO OPERACIONAL PADRAO\"','PUNCTUALITY','TEXT'),(39,'2017-05-30 11:43:47','f443bbb66fe949558938f3c9a7a32690','ACTIVE',NULL,NULL,'556e27c25fc44964920e5c3212757f18','MTQ00000039','MANTER VERSAO DO  OPENMRS  ACTUALIZADA','PUNCTUALITY','TEXT'),(40,'2017-05-30 11:44:15','f443bbb66fe949558938f3c9a7a32690','ACTIVE',NULL,NULL,'96438756f1834b3db1793eeb329ab207','MTQ00000040','ENVIO DO BACKUP SEGUNDO PERIODICIDADE DEFINIDA','PUNCTUALITY','TEXT'),(41,'2017-05-30 11:44:32','f443bbb66fe949558938f3c9a7a32690','ACTIVE',NULL,NULL,'d6d995bf86f742a0a6000d2b486a0b51','MTQ00000041','DOCUMENTAR O ENVIO DO BACKUP','PUNCTUALITY','TEXT'),(42,'2017-05-30 11:44:54','f443bbb66fe949558938f3c9a7a32690','ACTIVE',NULL,NULL,'a4399f553fcc4a45bee3d691f3d98005','MTQ00000042','INTRODUZIR NO OPENMRS TODOS OS PROCESSOS DOS PACIENTES INSCRITOS NA US','PUNCTUALITY','TEXT'),(43,'2017-05-30 11:45:13','f443bbb66fe949558938f3c9a7a32690','ACTIVE',NULL,NULL,'776b7e1c84384e72ac8cfd65ecc556ab','MTQ00000043','ACTUALIZAR TODAS CONSULTAS DOS PACIENTES ATENDIDOS NA US','TOTALITY','TEXT'),(44,'2017-05-30 11:45:32','f443bbb66fe949558938f3c9a7a32690','ACTIVE',NULL,NULL,'354bea2c109f42c290500e4d81092d3e','MTQ00000044','ACTUALIZAR TODAS FILAS DOS PACIENTES QUE LEVANTAM ARVS NA US','TOTALITY','TEXT'),(45,'2017-05-30 11:45:57','f443bbb66fe949558938f3c9a7a32690','ACTIVE',NULL,NULL,'dc2448753ebc4146bdebe55723305985','MTQ00000045','SINCRONIZAR SISTEMATICAMENTE A BASE DE DADOS','TOTALITY','TEXT'),(46,'2017-05-30 11:46:21','f443bbb66fe949558938f3c9a7a32690','ACTIVE',NULL,NULL,'418ef16ea29e46188063200de2d2bd69','MTQ00000046','COMPARAR OS DADOS COM OS DOS PERIODOS ANTERIORES','PRECISION','TEXT'),(47,'2017-05-30 11:46:38','f443bbb66fe949558938f3c9a7a32690','ACTIVE',NULL,NULL,'a70844f6015b4cca825a256b367387ef','MTQ00000047','USAR OS INSTRUMENTOS DEFINIDOS COMO FONTE DO OPENMRS','PRECISION','TEXT'),(48,'2017-05-30 11:46:59','f443bbb66fe949558938f3c9a7a32690','ACTIVE',NULL,NULL,'4789c64df19b48bca62837b0a02ad072','MTQ00000048','CONHECER O POP DA CONFIDENCIALIDADE DE DADOS','CONFIDENTIALITY','TEXT'),(49,'2017-05-30 11:47:43','f443bbb66fe949558938f3c9a7a32690','ACTIVE',NULL,NULL,'fb58891f34ae402b869a51583c7a76ed','MTQ00000049','USAR SENHAS INDIVIDUAIS E NAO TRANFERIVEIS  PARA ACESSO AO COMPUTADOR','CONFIDENTIALITY','TEXT'),(50,'2017-05-30 11:48:02','f443bbb66fe949558938f3c9a7a32690','ACTIVE',NULL,NULL,'12b4a46c279644f9a3e3d0736b09345f','MTQ00000050','USAR SENHAS INDIVIDUAIS E NAO TRANFERIVEIS  PARA ACESSO A BASE DE DADOS','CONFIDENTIALITY','TEXT'),(51,'2017-05-30 11:48:30','f443bbb66fe949558938f3c9a7a32690','ACTIVE',NULL,NULL,'c5a83a6dab67480d974f1717ab83ffdf','MTQ00000051','USAR SENHAS EM DISPOSITIVOS DE TRANSPORTE DE DADOS  (IRON KEY)','CONFIDENTIALITY','TEXT'),(52,'2017-05-30 11:49:06','f443bbb66fe949558938f3c9a7a32690','ACTIVE',NULL,NULL,'c1ddb39c06b34dc7ab75173f947ac0ab','MTQ00000052','REPORTAR OS ERROS DE SINCRONIZACAO','INTEGRITY','TEXT'),(53,'2017-05-30 11:49:24','f443bbb66fe949558938f3c9a7a32690','ACTIVE',NULL,NULL,'1506f92a0b5e4f7c989e533f0eda01fd','MTQ00000053','REPORTAR OS ERROS E FALHAS DO SISTEMA NA ACTUALIZACAO DE INFORMACAO','INTEGRITY','TEXT'),(54,'2017-05-30 11:49:44','f443bbb66fe949558938f3c9a7a32690','ACTIVE',NULL,NULL,'af8f788794de4bdab54dc7f93d65a673','MTQ00000054','MANUTENCAO PREVENTIVA DOS EQUIPAMENTOS','INTEGRITY','TEXT'),(55,'2017-05-30 11:50:10','f443bbb66fe949558938f3c9a7a32690','ACTIVE',NULL,NULL,'1d32cf2a274c4546b549b39044a6313f','MTQ00000055','MANTER O ANTIVIRUS ACTUALIZADO','INTEGRITY','TEXT'),(56,'2017-05-30 15:26:55','f443bbb66fe949558938f3c9a7a32690','ACTIVE',NULL,NULL,'06f04b37f69d42b487488097da15f21f','MTQ00000056','COMPARAR OS DADOS RESUMO MENSAL COM OS SOMATORIOS DIARIOS','ACCURACY','TEXT'),(57,'2017-05-30 15:27:15','f443bbb66fe949558938f3c9a7a32690','ACTIVE',NULL,NULL,'65586f8b1cd0465abaaf2b7a72d5887b','MTQ00000057','VERIFICAR SE O N DAS HIV DESCONHECIDAS A ENTRADA(MENOR OU IGUAL A 1 CPN)','ACCURACY','TEXT'),(58,'2017-05-30 15:27:36','f443bbb66fe949558938f3c9a7a32690','ACTIVE',NULL,NULL,'1383a868041c44e5bc7c35f2d842ab64','MTQ00000058','VERIFICAR SE O N DAS HIV POSITIVAS A ENTRADA(MENOR OU IGUAL A 1 CPN)','ACCURACY','TEXT'),(59,'2017-05-30 15:27:58','f443bbb66fe949558938f3c9a7a32690','ACTIVE',NULL,NULL,'4ce944bfe9b64d3088569fa1da73e2f5','MTQ00000059','VERIFICAR SE O N DE HIV DESCONHECIDO A ENTRADA + HIV POSITIVO A ENTRADA(MENOR OU IGUAL A 1 CPN)','ACCURACY','TEXT'),(60,'2017-05-30 15:30:05','f443bbb66fe949558938f3c9a7a32690','ACTIVE',NULL,NULL,'539edc61738e4a3c8117e02e422ee9d8','MTQ00000060','VERIFICAR SE O N DAS HIV+ A ENTRADA(MENOR OU IGUAL A 1 CPN)','ACCURACY','TEXT'),(61,'2017-05-30 15:30:28','f443bbb66fe949558938f3c9a7a32690','ACTIVE',NULL,NULL,'8c19699e23cb44028a326a64a9d4229d','MTQ00000061','VERIFICAR SE O N DOS QUE FIZERAM 1 TESTE DE HIV(MENOR OU IGUAL A HIV DESCONHECIDA A ENTRADA) SE FOR MAIOR VERFICAR A RAZAO.','ACCURACY','TEXT'),(62,'2017-05-30 15:30:51','f443bbb66fe949558938f3c9a7a32690','ACTIVE',NULL,NULL,'0dd5a14a942a4905a044b8560e3f6cd5','MTQ00000062','VERIFICAR SE O N DOS QUE FIZERAM TESTES SEGUINTES DE HIV( MENOR OU IGUAL A CONSULTAS SEGUINTES)','ACCURACY','TEXT'),(63,'2017-05-30 15:31:09','f443bbb66fe949558938f3c9a7a32690','ACTIVE',NULL,NULL,'571fc33814f14ce7863988e10601362b','MTQ00000063','VERIFICAR SE A SOMA  HIV POSITIVA + HIV NEGATIVA, E IGUAL OU MENOR AOS QUE FIZERAM  TESTE SEGUINTES DE HIV','ACCURACY','TEXT'),(64,'2017-05-30 15:31:31','f443bbb66fe949558938f3c9a7a32690','ACTIVE',NULL,NULL,'d1a4135922f74116b74628eded68ba9b','MTQ00000064','VERIFICAR SE O N DAS QUE INICIARAM TARV(MENOR OU IGUAL A SOMA DE HIV POSITIVO A ENTRADA, HIV POSITIVO DO 1 TESTE E HIV POSITIVO DO TESTE SEGUINTE), SE FOR MAIOR VERIFICAR A RAZAO.','ACCURACY','TEXT'),(65,'2017-05-30 15:31:52','f443bbb66fe949558938f3c9a7a32690','ACTIVE',NULL,NULL,'671bcc2831f448709f3231513cff49a2','MTQ00000065','VERIFICAR O N DO OUTRO REGIME(NESTE MOMENTO NAO EXISTE OUTRO REGIME ALEM DOS DESCRITOS ACIMA)','ACCURACY','TEXT'),(66,'2017-05-30 15:32:10','f443bbb66fe949558938f3c9a7a32690','ACTIVE',NULL,NULL,'581d90fa3f454280a16114056fd2b65a','MTQ00000066','VERFICAR SE O N DE PARCEIROS PRESENTES NA CPN(MENOR OU IGUAL A 1 CONSULTAS + CONSULTAS SEGUINTES)','ACCURACY','TEXT'),(67,'2017-05-30 15:32:34','f443bbb66fe949558938f3c9a7a32690','ACTIVE',NULL,NULL,'a7f9749cb377458a8ff280b31ea298db','MTQ00000067','VERIFICAR SE O N DE PARCEIRO HIV POSITIVO(MENOR OU IGUAL A PARCEIROS TESTADOS)','ACCURACY','TEXT'),(68,'2017-05-30 15:33:17','f443bbb66fe949558938f3c9a7a32690','ACTIVE',NULL,NULL,'d11f8e0ee89b429c8a718d53bd8e5976','MTQ00000068','EGISTAR NO CABECALHO: MES, ANO, PROVINCIA, DISTRITO, UNIDADE SANITARIA','RELIABILITY','TEXT'),(69,'2017-05-30 15:33:47','f443bbb66fe949558938f3c9a7a32690','ACTIVE',NULL,NULL,'85b0d803541a43dcb99f3eff425e9ed2','MTQ00000069','VALIDAR OS RESUMOS MENSAIS(ASSINATURAS DO RESPONSAVEL)','RELIABILITY','TEXT'),(70,'2017-05-30 15:34:07','f443bbb66fe949558938f3c9a7a32690','ACTIVE',NULL,NULL,'c29dce44572a4eeca09e8ef819fd093e','MTQ00000070','NAO DEIXAR ESPACOS VAZIOS NO RESUMO MENSAL, ESCREVA SEMPRE ZERO(0) NO INDICADOR QUE NAO TIVER VALOR','RELIABILITY','TEXT'),(71,'2017-05-30 15:34:26','f443bbb66fe949558938f3c9a7a32690','ACTIVE',NULL,NULL,'412d9c5db3e64481b0a33a945a1a486e','MTQ00000071','NO REGISTO DO LIVRO, A 4 CONSULTA, DEVE-SE MARCAR COM X NA CONSULTA SEGUINTE E NA 4 CONSULTA','RELIABILITY','TEXT'),(72,'2017-05-30 15:34:46','f443bbb66fe949558938f3c9a7a32690','ACTIVE',NULL,NULL,'6e8773f7b2cc4f1a97274cb9c6eec9f8','MTQ00000072','NO REGISTO DO LIVRO, O TARV A ENTRADA, DEVE-SE MARCAR COM A X NO POSITIVO A ENTRADA E TARV A ENTRADA','RELIABILITY','TEXT'),(73,'2017-05-30 15:35:11','f443bbb66fe949558938f3c9a7a32690','ACTIVE',NULL,NULL,'25ae84476fa94c2481fdc11da3ebad04','MTQ00000073','NO FINAL DO DIA FAZER O SOMATORIO DO DIA','PUNCTUALITY','TEXT'),(74,'2017-05-30 15:35:33','f443bbb66fe949558938f3c9a7a32690','ACTIVE',NULL,NULL,'d8826009c0684308b63b14bc5f8bd218','MTQ00000074','NO FINAL DO MES FAZER O SOMATORIO  DOS TOTAIS DIARIOS E AGREGAR O RESUMO MENSAL','PUNCTUALITY','TEXT'),(75,'2017-05-30 15:36:09','f443bbb66fe949558938f3c9a7a32690','ACTIVE',NULL,NULL,'1eda987792994f82a5a7ad2db0cd81be','MTQ00000075','ENVIAR NO FINAL DE CADA MES O RESUMO MENSAL PARA A DDS','PUNCTUALITY','TEXT'),(76,'2017-05-30 15:36:35','f443bbb66fe949558938f3c9a7a32690','ACTIVE',NULL,NULL,'e4d0e7d4c2394985a01f440f5adbdd7b','MTQ00000076','CUMPRIR A DATA DE ENVIO DE RELATORIOS','PUNCTUALITY','TEXT'),(77,'2017-05-30 15:38:29','f443bbb66fe949558938f3c9a7a32690','ACTIVE',NULL,NULL,'c7329696dbfd4c698c0b6b6bca6a255a','MTQ00000077','ELABORAR O RELATORIO COMPLETO(PREECHIMENTO DE OS CAMPOS)','TOTALITY','TEXT'),(78,'2017-05-30 15:38:51','f443bbb66fe949558938f3c9a7a32690','ACTIVE',NULL,NULL,'217154aaf8384da5b58412faea77cd36','MTQ00000078','ENVIAR TODOS OS RELATORIOS PREVISTOS','TOTALITY','TEXT'),(79,'2017-05-30 15:39:23','f443bbb66fe949558938f3c9a7a32690','ACTIVE',NULL,NULL,'daa29a1d8970405fa8e8d6300e702b5d','MTQ00000079','OBEDECER OS PERIODOS DE AGREGACAO MENSAL DOS DADOS(21 A 20)','TOTALITY','TEXT'),(80,'2017-05-30 15:39:44','f443bbb66fe949558938f3c9a7a32690','ACTIVE',NULL,NULL,'53153705c70740b1ac0673b709f73d07','MTQ00000080','USAR OS INSTRUMENTOS PADRONIZADOS PARA O REGISTO(LIVRO DE REGISTO DA CPN)','PRECISION','TEXT'),(81,'2017-05-30 15:40:03','f443bbb66fe949558938f3c9a7a32690','ACTIVE',NULL,NULL,'ad1b64a154d7495f85ea4682db1b7e28','MTQ00000081','USAR INSTRUMENTOS PADRONIZADO PARA COLHEITA DE DADOS(TOTAIS DIARIOS E RESUMO MENSAL)','PRECISION','TEXT'),(82,'2017-05-30 15:40:22','f443bbb66fe949558938f3c9a7a32690','ACTIVE',NULL,NULL,'b07690a49bae49198d7a26e43aa96835','MTQ00000082','COMPARAR OS DADOS COM OS DOS PERIODOS ANTERIORES','PRECISION','TEXT'),(83,'2017-05-30 15:40:46','f443bbb66fe949558938f3c9a7a32690','ACTIVE',NULL,NULL,'44719f0a07824e629ff05c398a84d413','MTQ00000083','ARQUIVAR DEVIDAMENTE OS REGISTOS DIARIOS','CONFIDENTIALITY','TEXT'),(84,'2017-05-30 15:41:02','f443bbb66fe949558938f3c9a7a32690','ACTIVE',NULL,NULL,'5cfb7add95634284aac0d0a0b1b02f68','MTQ00000084','ARQUIVAR DEVIDAMENTE OS RESUMOS MENSAIS','CONFIDENTIALITY','TEXT'),(85,'2017-05-30 15:41:21','f443bbb66fe949558938f3c9a7a32690','ACTIVE',NULL,NULL,'578fa7355b314de9b6f47f54ac73809b','MTQ00000085','MANTER OS DADOS EM PASTAS DE ARQUIVO DEVIDAMENTE IDENTIFICADAS','CONFIDENTIALITY','TEXT'),(86,'2017-05-30 15:41:51','f443bbb66fe949558938f3c9a7a32690','ACTIVE',NULL,NULL,'c476f95aa67f4d0da028157262aa5bab','MTQ00000086','DOCUMENTAR AS CORRECOES DOS DADOS DOS RESUMOS MENSAIS','INTEGRITY','TEXT'),(87,'2017-05-30 15:42:44','f443bbb66fe949558938f3c9a7a32690','ACTIVE',NULL,NULL,'50dd4bf5ec19416c975eac8c5fa0ba26','MTQ00000087','SEGUIR O FLUXO DE COMUNICAO DAS CORRECOES DOS RESUMOS MENSAIS','INTEGRITY','TEXT'),(88,'2017-05-30 15:56:05','f443bbb66fe949558938f3c9a7a32690','ACTIVE',NULL,NULL,'b758c6ff17cd463f9bf18d736df05132','MTQ00000088','REGISTAR NO CABECALHO: MES, ANO, PROVINCIA, DISTRITO, UNIDADE SANITARIA','RELIABILITY','TEXT'),(89,'2017-05-30 15:56:32','f443bbb66fe949558938f3c9a7a32690','INACTIVE','2017-05-30 15:58:27','f443bbb66fe949558938f3c9a7a32690','c8ba77c6e12841e29608d59da2c4ca62','MTQ00000089','REGISTAR NO CABECALHO: MES, ANO, PROVINCIA, DISTRITO, UNIDADE SANITARIA','RELIABILITY','TEXT');
/*!40000 ALTER TABLE `QUESTIONS` ENABLE KEYS */;
UNLOCK TABLES;

--
-- Table structure for table `TUTOREDS`
--

DROP TABLE IF EXISTS `TUTOREDS`;
/*!40101 SET @saved_cs_client     = @@character_set_client */;
/*!40101 SET character_set_client = utf8 */;
CREATE TABLE `TUTOREDS` (
  `ID` bigint(20) NOT NULL AUTO_INCREMENT,
  `CREATED_AT` datetime NOT NULL,
  `CREATED_BY` varchar(50) NOT NULL,
  `LIFE_CYCLE_STATUS` varchar(100) NOT NULL,
  `UPDATED_AT` datetime DEFAULT NULL,
  `UPDATED_BY` varchar(50) DEFAULT NULL,
  `UUID` varchar(50) NOT NULL,
  `CODE` varchar(50) NOT NULL,
  `NAME` varchar(50) NOT NULL,
  `PHONE_NUMBER` varchar(100) NOT NULL,
  `SURNAME` varchar(50) NOT NULL,
  `VERSION` int(11) DEFAULT NULL,
  `CARRER_ID` bigint(20) NOT NULL,
  PRIMARY KEY (`ID`),
  UNIQUE KEY `UK_mmelsbvnb2fictgbf7lkomugl` (`CODE`),
  KEY `FK_allb4qoaputbxbex26qhgt6g1` (`CARRER_ID`),
  CONSTRAINT `FK_allb4qoaputbxbex26qhgt6g1` FOREIGN KEY (`CARRER_ID`) REFERENCES `CARRERS` (`ID`)
) ENGINE=InnoDB AUTO_INCREMENT=6 DEFAULT CHARSET=utf8;
/*!40101 SET character_set_client = @saved_cs_client */;

--
-- Dumping data for table `TUTOREDS`
--

LOCK TABLES `TUTOREDS` WRITE;
/*!40000 ALTER TABLE `TUTOREDS` DISABLE KEYS */;
INSERT INTO `TUTOREDS` VALUES (1,'2017-06-04 19:03:50','08cc21901f18424ebb4a232f8963fc1b','INACTIVE',NULL,NULL,'37ea59682b2d448490d37bf843b729d6','MTTD00000001','ALIMA','+258825776680','MOIANE',0,24),(2,'2017-06-09 10:05:32','0807983dd3b34f109fb75756862d4a72','ACTIVE',NULL,NULL,'ef21c19eecd94bddb4922448436760f3','MTTD00000002','ROBERTO','863539879','PARAFINO',0,6),(3,'2017-06-09 10:21:58','0807983dd3b34f109fb75756862d4a72','ACTIVE',NULL,NULL,'0cc510c653664358b7ffac582bc21cfd','MTTD00000003','SALVADOR','866935491','VICTORINO',0,35),(4,'2017-06-13 20:20:55','0807983dd3b34f109fb75756862d4a72','ACTIVE',NULL,NULL,'219c2ca19776486e8661fe08e9f3fd05','MTTD00000004','ALIMA','842317370','ABDALA',0,6),(5,'2017-06-13 20:44:37','0807983dd3b34f109fb75756862d4a72','ACTIVE',NULL,NULL,'02ce5d572b854f1693815e6fd7cea626','MTTD00000005','JOSE ','863073462','LATIFO',0,2);
/*!40000 ALTER TABLE `TUTOREDS` ENABLE KEYS */;
UNLOCK TABLES;

--
-- Table structure for table `TUTORS`
--

DROP TABLE IF EXISTS `TUTORS`;
/*!40101 SET @saved_cs_client     = @@character_set_client */;
/*!40101 SET character_set_client = utf8 */;
CREATE TABLE `TUTORS` (
  `ID` bigint(20) NOT NULL AUTO_INCREMENT,
  `CREATED_AT` datetime NOT NULL,
  `CREATED_BY` varchar(50) NOT NULL,
  `LIFE_CYCLE_STATUS` varchar(100) NOT NULL,
  `UPDATED_AT` datetime DEFAULT NULL,
  `UPDATED_BY` varchar(50) DEFAULT NULL,
  `UUID` varchar(50) NOT NULL,
  `CODE` varchar(50) NOT NULL,
  `NAME` varchar(50) NOT NULL,
  `PHONE_NUMBER` varchar(50) NOT NULL,
  `SURNAME` varchar(50) NOT NULL,
  `CARRER_ID` bigint(20) NOT NULL,
  PRIMARY KEY (`ID`),
  UNIQUE KEY `UK_hsstv4qfr1tne50hemswa9okw` (`CODE`),
  KEY `FK_e1hyoncgd4kv7kin3t7k352dj` (`CARRER_ID`),
  CONSTRAINT `FK_e1hyoncgd4kv7kin3t7k352dj` FOREIGN KEY (`CARRER_ID`) REFERENCES `CARRERS` (`ID`)
) ENGINE=InnoDB AUTO_INCREMENT=6 DEFAULT CHARSET=utf8;
/*!40101 SET character_set_client = @saved_cs_client */;

--
-- Dumping data for table `TUTORS`
--

LOCK TABLES `TUTORS` WRITE;
/*!40000 ALTER TABLE `TUTORS` DISABLE KEYS */;
INSERT INTO `TUTORS` VALUES (1,'2017-06-01 14:16:04','0807983dd3b34f109fb75756862d4a72','ACTIVE',NULL,NULL,'0807983dd3b34f109fb75756862d4a72','MTT00000001','NICO','+258846479599','SILIMA',5),(2,'2017-06-02 11:10:00','08cc21901f18424ebb4a232f8963fc1b','INACTIVE',NULL,NULL,'08cc21901f18424ebb4a232f8963fc1b','MTT00000002','STELIO KLESIO ADRIANO','+258822546100','MOIANE',1),(4,'2017-06-02 11:59:19','3dac1bc2b6f14fb88143ba3f2bd6e926','ACTIVE',NULL,NULL,'3dac1bc2b6f14fb88143ba3f2bd6e926','MTT00000003','REINALDO','824053812','LUIS',6),(5,'2017-06-23 07:45:18','bd7d53869e11423f94453c706aab08b8','ACTIVE',NULL,NULL,'bd7d53869e11423f94453c706aab08b8','MTT00000004','LINO','827378219','MIGUEL',15);
/*!40000 ALTER TABLE `TUTORS` ENABLE KEYS */;
UNLOCK TABLES;

--
-- Table structure for table `TUTOR_PROGRAMATIC_AREA`
--

DROP TABLE IF EXISTS `TUTOR_PROGRAMATIC_AREA`;
/*!40101 SET @saved_cs_client     = @@character_set_client */;
/*!40101 SET character_set_client = utf8 */;
CREATE TABLE `TUTOR_PROGRAMATIC_AREA` (
  `ID` bigint(20) NOT NULL AUTO_INCREMENT,
  `CREATED_AT` datetime NOT NULL,
  `CREATED_BY` varchar(50) NOT NULL,
  `LIFE_CYCLE_STATUS` varchar(100) NOT NULL,
  `UPDATED_AT` datetime DEFAULT NULL,
  `UPDATED_BY` varchar(50) DEFAULT NULL,
  `UUID` varchar(50) NOT NULL,
  `PROGRAMATIC_AREA_ID` bigint(20) NOT NULL,
  `TUTOR_ID` bigint(20) NOT NULL,
  PRIMARY KEY (`ID`),
  KEY `FK_89880663pcsalcdr428l86oe6` (`PROGRAMATIC_AREA_ID`),
  KEY `FK_hpc5t4axm5hr7m09fwut4xt62` (`TUTOR_ID`),
  CONSTRAINT `FK_89880663pcsalcdr428l86oe6` FOREIGN KEY (`PROGRAMATIC_AREA_ID`) REFERENCES `PROGRAMMATIC_AREAS` (`ID`),
  CONSTRAINT `FK_hpc5t4axm5hr7m09fwut4xt62` FOREIGN KEY (`TUTOR_ID`) REFERENCES `TUTORS` (`ID`)
) ENGINE=InnoDB DEFAULT CHARSET=utf8;
/*!40101 SET character_set_client = @saved_cs_client */;

--
-- Dumping data for table `TUTOR_PROGRAMATIC_AREA`
--

LOCK TABLES `TUTOR_PROGRAMATIC_AREA` WRITE;
/*!40000 ALTER TABLE `TUTOR_PROGRAMATIC_AREA` DISABLE KEYS */;
/*!40000 ALTER TABLE `TUTOR_PROGRAMATIC_AREA` ENABLE KEYS */;
UNLOCK TABLES;

--
-- Table structure for table `TUTOR_TUTORED`
--

DROP TABLE IF EXISTS `TUTOR_TUTORED`;
/*!40101 SET @saved_cs_client     = @@character_set_client */;
/*!40101 SET character_set_client = utf8 */;
CREATE TABLE `TUTOR_TUTORED` (
  `ID` bigint(20) NOT NULL AUTO_INCREMENT,
  `CREATED_AT` datetime NOT NULL,
  `CREATED_BY` varchar(50) NOT NULL,
  `LIFE_CYCLE_STATUS` varchar(100) NOT NULL,
  `UPDATED_AT` datetime DEFAULT NULL,
  `UPDATED_BY` varchar(50) DEFAULT NULL,
  `UUID` varchar(50) NOT NULL,
  `TUTOR_ID` bigint(20) NOT NULL,
  `TUTORED_ID` bigint(20) NOT NULL,
  PRIMARY KEY (`ID`),
  KEY `FK_5kimp8e08r7ct6uulahn5mt72` (`TUTOR_ID`),
  KEY `FK_cgxui1815q1xb2tvxo75r9m59` (`TUTORED_ID`),
  CONSTRAINT `FK_5kimp8e08r7ct6uulahn5mt72` FOREIGN KEY (`TUTOR_ID`) REFERENCES `TUTORS` (`ID`),
  CONSTRAINT `FK_cgxui1815q1xb2tvxo75r9m59` FOREIGN KEY (`TUTORED_ID`) REFERENCES `TUTOREDS` (`ID`)
) ENGINE=InnoDB DEFAULT CHARSET=utf8;
/*!40101 SET character_set_client = @saved_cs_client */;

--
-- Dumping data for table `TUTOR_TUTORED`
--

LOCK TABLES `TUTOR_TUTORED` WRITE;
/*!40000 ALTER TABLE `TUTOR_TUTORED` DISABLE KEYS */;
/*!40000 ALTER TABLE `TUTOR_TUTORED` ENABLE KEYS */;
UNLOCK TABLES;

--
-- Table structure for table `schema_version`
--

DROP TABLE IF EXISTS `schema_version`;
/*!40101 SET @saved_cs_client     = @@character_set_client */;
/*!40101 SET character_set_client = utf8 */;
CREATE TABLE `schema_version` (
  `version_rank` int(11) NOT NULL,
  `installed_rank` int(11) NOT NULL,
  `version` varchar(50) NOT NULL,
  `description` varchar(200) NOT NULL,
  `type` varchar(20) NOT NULL,
  `script` varchar(1000) NOT NULL,
  `checksum` int(11) DEFAULT NULL,
  `installed_by` varchar(100) NOT NULL,
  `installed_on` timestamp NOT NULL DEFAULT CURRENT_TIMESTAMP,
  `execution_time` int(11) NOT NULL,
  `success` tinyint(1) NOT NULL,
  PRIMARY KEY (`version`),
  KEY `schema_version_vr_idx` (`version_rank`),
  KEY `schema_version_ir_idx` (`installed_rank`),
  KEY `schema_version_s_idx` (`success`)
) ENGINE=InnoDB DEFAULT CHARSET=utf8;
/*!40101 SET character_set_client = @saved_cs_client */;

--
-- Dumping data for table `schema_version`
--

LOCK TABLES `schema_version` WRITE;
/*!40000 ALTER TABLE `schema_version` DISABLE KEYS */;
INSERT INTO `schema_version` VALUES (1,1,'1','<< Flyway Baseline >>','BASELINE','<< Flyway Baseline >>',NULL,'mentor','2017-05-29 21:44:24',0,1),(2,2,'2','Tables Creation','SQL','V2__Tables_Creation.sql',1359861584,'mentor','2017-05-29 21:44:42',8,1),(3,3,'3','Insert Carrers And Locations','SQL','V3__Insert_Carrers_And_Locations.sql',-117903751,'mentor','2017-05-29 21:44:42',342,1);
/*!40000 ALTER TABLE `schema_version` ENABLE KEYS */;
UNLOCK TABLES;
/*!40103 SET TIME_ZONE=@OLD_TIME_ZONE */;

/*!40101 SET SQL_MODE=@OLD_SQL_MODE */;
/*!40014 SET FOREIGN_KEY_CHECKS=@OLD_FOREIGN_KEY_CHECKS */;
/*!40014 SET UNIQUE_CHECKS=@OLD_UNIQUE_CHECKS */;
/*!40101 SET CHARACTER_SET_CLIENT=@OLD_CHARACTER_SET_CLIENT */;
/*!40101 SET CHARACTER_SET_RESULTS=@OLD_CHARACTER_SET_RESULTS */;
/*!40101 SET COLLATION_CONNECTION=@OLD_COLLATION_CONNECTION */;
/*!40111 SET SQL_NOTES=@OLD_SQL_NOTES */;

-- Dump completed on 2017-06-30 21:54:11
